{"fMC": [0.17743461286538187, 0.001698934104348107, 0.001892286364883316, 0.0015580397673410984, 0.0016278996092328386, 0.0026481637359067425, 0.0012953545160756372, 0.0035646160118824083, 0.0013066001510127381, 0.0018775832253325087, 0.0017886697178683495, 0.0016172378482596735, 0.0014310776132598426, 0.0014059768575762838, 0.0023391012385758957, 0.0020866544996156365, 0.0024057800359952924, 0.0006592710914782433, 0.0035456264719492874, 0.0013885646195008299, 0.004091822474145404, 0.0035105448149757323, 0.0010929932297490306, 0.001166344043623057, 0.0006785729773223792, 0.0011690579596768795, 0.0015446144606046982, 0.0010053238141903755, 0.0008811057490564387, 0.0012213165311771425, 0.0021472393505244506, 0.0020399953905644026, 0.0006601781574597398, 0.0008076460389286034, 0.0020052769224817336, 0.002553645452997037, 0.0013671368014901391, 0.002269690646979501, 0.006233873073947063, 0.0010139636876075255, 0.0011885064362341829, 0.0009135967083159997, 0.0005639629531593145, 0.001102037836139364, 0.001039354992730047, 0.0005579960295778753, 0.0010215226525332167, 0.001181319599244007, 0.004707577168999118, 0.0009363414037336776, 0.0012340265079741695, 0.0006504341879740973, 0.0017623086113935722, 0.0014567420158642368, 0.0015217894360040854, 0.001553418297962397, 0.0010964728663639739, 0.0011350966470723826, 0.0007141576277595019, 0.0013173077981942806, 0.00046629412887492627, 0.00209195836757034, 0.0004962217327143365, 0.002136269213452573, 0.0011946327371577668, 0.0015330614634575797, 0.0010903328784827794, 0.001542521698066827, 0.0006479297074808976, 0.0014454537735284654, 0.000491777765742075], "fSSA1": [0.10219520064409181, 0.0006147386174618208, 0.000466323257242443, 0.00033575404490337855, 0.0004018338841932611, 0.0002474286730461805, 0.0008525577935390834, 0.0004908236691759201, 0.000578019329226893, 0.0007603586102922621, 0.000407307141962941, 0.0005461939035685948, 0.0004491369888730955, 0.0005814149314603885, 0.000647473679513676, 0.0004314680174746399, 0.0006476661371571984, 0.00043504616090278645, 0.0004913905286781078, 0.00036172577326608113, 0.00034707077110498135, 0.00031901296448683244, 0.00035584284628209387, 0.00035241245766817216, 0.0002763556544363267, 0.0003027189316176348, 0.0003854830101940214, 0.000301686489515592, 0.00026562003184128763, 0.0002514844174988344, 0.00030917986401085394, 0.00024551417405148824, 0.0002619831486620717, 0.00027557751526879014, 0.0003257959585408133, 0.00025566512617187934, 0.0002579594599713809, 0.00029204789681568907, 0.00026088939674416344, 0.0002952645941561397, 0.00023859075511507906, 0.0002509533743407104, 0.0002468867003784163, 0.0002493594493367487, 0.00024889674049947833, 0.00019713362945357376, 0.0002351034776596911, 0.00023860746574080047, 0.00028867745082123065, 0.00019118696551342175, 0.00020564698812306973, 0.00018440549033186575, 0.000205927656883549, 0.00023502795126550504, 0.00023035658581860898, 0.00020935467560027524, 0.00018256429074693211, 0.00018937930298111694, 0.00020095488071540733, 0.00019123105263176585, 0.00017817329054181346, 0.00022415353975805855, 0.00020743460813750037, 0.00022232493880812085, 0.00021819411130982383, 0.00016464371267632, 0.00018920229813426721, 0.00015833007878392793, 0.00019711593889644343, 0.0001715477012356557, 0.000159563645634824], "fSSA2": [0.46093747696741644, 0.003561558845979508, 0.0029718531545852513, 0.0005982374034109337, 0.0007194401122546699, 0.0007242384350271488, 0.0006959560921030822, 0.0009958211554157085, 0.0005251639109937487, 0.0010518246373227868, 0.00046849981817020844, 0.0004991110326692545, 0.0004370318624217767, 0.0004395181417170139, 0.0004949454579620632, 0.0003656006167232523, 0.000524066699467001, 0.00039385673501183627, 0.0006274206529858064, 0.0003646136274913353, 0.00042993219182920313, 0.0004926499251894087, 0.00030493382780732704, 0.00034049901815445615, 0.00026864090048906206, 0.00028150870189963247, 0.0003059770369027968, 0.0003386054183268787, 0.0002571823237603006, 0.00022707058945088126, 0.0003415140315377512, 0.0003620413466187347, 0.00021623008559497385, 0.00024393940964640847, 0.00031773917423063154, 0.00036893017195870374, 0.00025896559215082235, 0.0003064365010794452, 0.0007004799188208054, 0.00023179135651852796, 0.00024520274441136016, 0.0002787385753176399, 0.00021898666279806733, 0.0002675680290634753, 0.0003223072249734683, 0.00019000302169876266, 0.0002207438865311036, 0.000244313561489954, 0.00046111504286522125, 0.0002162218991653678, 0.0002736607615362001, 0.00019284592874675233, 0.0002988482854483744, 0.00026888562930535073, 0.0002519991064290981, 0.0002506814681548594, 0.00021230941678884803, 0.00024273004126278697, 0.00019005677004538143, 0.0002487045737369496, 0.00017099267085051893, 0.00024987295565318294, 0.00017652692541467052, 0.00027014620551465984, 0.0001988073894074229, 0.00024931986108624665, 0.00019993629459699212, 0.00024543595990128125, 0.00016823373103951392, 0.0002678584536551881, 0.0001984429022821537], "u": [0.0038119619698066694, 0.0008584006581872929, 0.0008173942962727225, 0.0007746343464059504, 0.0007268302770094785, 0.0006371552230621462, 0.00048371002027391264, 0.00033192884479415563, 0.0002683157609581967, 0.00023491141691099051, 0.00021418097890560644, 0.0001931640469761566, 0.00018194930206119243, 0.0001296929078470018, 8.28885172862034e-05, 6.623695122711897e-05, 6.102693537835818e-05, 5.99254932805991e-05, 6.045513388055241e-05, 5.8168362051893765e-05, 5.563966865702331e-05, 5.434162008656816e-05, 5.277829535351925e-05, 4.959677183704824e-05, 4.558704452816399e-05, 4.4816350056610285e-05, 4.2401494740350876e-05, 4.0971261931237304e-05, 3.8875597690970884e-05, 3.822937598719267e-05, 3.817239144572672e-05, 3.670352217452353e-05, 3.669091180406478e-05, 3.6362034925383706e-05, 3.5663326340823946e-05, 3.5066650894136935e-05, 3.500724012967389e-05, 3.496618114240554e-05, 3.341709346140969e-05, 3.398244907841111e-05, 3.2827472041740076e-05, 3.329062988786463e-05, 3.293827844283772e-05, 3.2828477983411604e-05, 3.299932070302745e-05, 3.207058065210376e-05, 3.24136052553356e-05, 3.156325461739509e-05, 3.171090904396154e-05, 3.052639261688187e-05, 3.019201770085497e-05, 2.9915241074556897e-05, 2.949502245065589e-05, 3.0029604171908283e-05, 2.9427095294251427e-05, 2.8942869898951038e-05, 2.8603974712713764e-05, 2.8670615108536637e-05, 2.8684194253902557e-05, 2.820147058020543e-05, 2.7868489613685937e-05, 2.8236994791379116e-05, 2.8000894001065664e-05, 2.7689886790207762e-05, 2.7432130439189914e-05, 2.665086386311889e-05, 2.706774657471115e-05, 2.633476052880652e-05, 2.6719663805815717e-05, 2.6294138955247285e-05, 2.5974150074574535e-05],