{"fMC": [6.7934472199246345, 0.0013461262738762537, 0.0024944131516836197, 0.0010546917326500177, 0.0011793049527727354, 0.002584980627846517, 0.0011463653685861832, 0.0017725003512611894, 0.0027985284364564263, 0.005934608264753147, 0.0029102119943346764, 0.005433729976370306, 0.005704194366099171, 0.001604232006258694, 0.009974955518708431, 0.0021942504417137897, 0.0026926116074516703, 0.005543047491889877, 0.006577275345475822, 0.0019289473714843384, 0.0058593564389201516, 0.002965831296550399, 0.0043477318654054995, 0.0020889030919991913, 0.00535428486760999, 0.0038777141228616787, 0.00301163569459454, 0.0036779384695373903, 0.0034476030109450826, 0.0037506389396240263, 0.004315388765708639, 0.004516019799031763, 0.0017153552574238058, 0.0038651072338813305, 0.00487963962327505, 0.0026997297131687165, 0.009158424554869753, 0.003897422493465671, 0.003044998013426287, 0.0034495564927750993, 0.005003599664516649, 0.003243503144780556, 0.0024528818415352027, 0.002082768796404975, 0.00524490045276294, 0.0021695899858317916, 0.003566739930993747, 0.002138954617056637, 0.0026461394937655107, 0.0019778900129331528, 0.0037356561151312604, 0.002801396365094722, 0.003330447598448285, 0.0017452426732992201, 0.004028401359429206, 0.0016400539468614304, 0.002401559336572378, 0.0037994922299825085, 0.002408520202599673, 0.0039062102798871627, 0.0020402190788524175, 0.0020979565077062314, 0.001999600322646698, 0.0026633288695613513, 0.0033242014961602615, 0.00243257064794659, 0.0034666643132409006, 0.0035145765655189873, 0.002169114617322976, 0.0018458990192214456, 0.002332497008379276], "fSSA1": [0.5746687002298586, 0.0005641419278722769, 0.0006717499070546705, 0.0007438026571796849, 0.0013691513877787834, 0.001739341588182113, 0.0005780478452234394, 0.0006921454768354358, 0.001070228310231817, 0.0006585403508869444, 0.0016099846096758802, 0.0016634231197404637, 0.0007786002695585237, 0.0010265446684571112, 0.0006522806762621004, 0.0006245704560200697, 0.0005948429528882747, 0.0006287138793452565, 0.0006272279307311953, 0.0011949587274143623, 0.0007207135767189693, 0.0006587895943322485, 0.0009394443941067792, 0.0006750556711839565, 0.0007365524204928593, 0.000704057836715522, 0.0006558944894544166, 0.0005673662654411566, 0.000571917825504007, 0.001105625043309534, 0.0011273076436717796, 0.0009197878628152107, 0.0006167852447718821, 0.0006556320375020796, 0.001353321991456377, 0.0006963005194463843, 0.0006620018300869718, 0.0008840849643926195, 0.000987051165049133, 0.000590381417954635, 0.0007421045859939044, 0.0009969250943549016, 0.0006009395140780765, 0.0007414151035529684, 0.0014017352105555392, 0.0007068659655972098, 0.0005266888059786901, 0.0009100470440840856, 0.0009164417835820633, 0.0005644442198396707, 0.0006057785054114084, 0.0008064378403599176, 0.0006970422437660198, 0.000824914951390086, 0.0005468069874535028, 0.000520386209401983, 0.0005224275821307566, 0.0005266541744838946, 0.0008447424264213232, 0.0005809115991717524, 0.0005556717903012996, 0.00048690197816796967, 0.0006081251784720048, 0.0005717771993204782, 0.0004973214766303478, 0.0005114486099611057, 0.00047748555911025716, 0.0004813878982162681, 0.0005327674503901315, 0.00041909153435542516, 0.0005958319116582283], "fSSA2": [0.42873658487665106, 0.0011583572870079986, 0.0014116120800705145, 0.0009174771919292851, 0.0008891303457692656, 0.0012283779815955734, 0.0009125449028099215, 0.0010056057594140728, 0.0015040749363859935, 0.0020642957330554513, 0.0012108187816146792, 0.0015479776367304874, 0.0013298760234124569, 0.0010209347373365586, 0.0018879928992566926, 0.0009697723151426134, 0.000984888283870048, 0.0015051463874216511, 0.0014550367232302871, 0.0009823493788356096, 0.001449448188889752, 0.0010376061188574494, 0.001409369968274364, 0.0008485275271673661, 0.0013824940145622583, 0.0011619058784500837, 0.0009286189535849531, 0.0008860102920415657, 0.000933343452620045, 0.0011133914988547947, 0.0013716133457897868, 0.0012385653201963628, 0.0007965747457477692, 0.0009437286010160243, 0.0010209885803448655, 0.0008066408112209727, 0.001340617516497878, 0.0009658977264195993, 0.0009280520548306953, 0.0008455063497757828, 0.0010449510247482995, 0.0007997677122691988, 0.0007680429280473719, 0.0007048365409621323, 0.0008668598605676726, 0.0007647602232677865, 0.0008401824911492333, 0.0007220920235517476, 0.0006843352248665876, 0.0007013346728509432, 0.0007241064737031572, 0.0007956116256069427, 0.0007511143235490938, 0.0006537702710678136, 0.000816693584915781, 0.0006357241916263678, 0.000643087815718865, 0.0008268393005318854, 0.0006268213820236446, 0.0008034928352065779, 0.0006448442091492367, 0.0006284208785447253, 0.0006626833897583409, 0.0007323840614597641, 0.0008287338983071643, 0.0006846293611787877, 0.0008252218981890005, 0.0007430135647388628, 0.0005974621710377369, 0.0006081145299273127, 0.0006045747315493474], "u": [0.014316462306648748, 0.0009938167333300365, 0.0007766706222115912, 0.0007093659482108667, 0.0006634477059777361, 0.0006273789956348396, 0.000576930561205808, 0.0005298624668141595, 0.0005004717678703946, 0.0004443328378668763, 0.000365905812404279, 0.00033950937817496714, 0.0003195132031977682, 0.00029554496104043713, 0.0002851016677597453, 0.00026820333872851736, 0.0002579487076600635, 0.00025140233021134196, 0.00023581931904685934, 0.0002198556351482212, 0.00020763402129472976, 0.00019626168281213096, 0.00018677031759546146, 0.00017963235457220552, 0.00017087319501365362, 0.00016183291346029798, 0.00015163131931899776, 0.00014384444703464532, 0.00013560850145775377, 0.00012615190491988324, 0.00011864256749163705, 0.00011215103167471369, 0.00010877115913910899, 0.0001041117829979797, 9.685368335022285e-05, 9.707556930181019e-05, 9.77802978018686e-05, 9.062930655486822e-05, 8.808368249271836e-05, 8.769409264837263e-05, 8.323377711022671e-05, 8.017267548433235e-05, 7.949974036273479e-05, 7.491826495521757e-05, 7.236981650244088e-05, 7.11913679410878e-05, 7.224141610648903e-05, 6.730662287581136e-05, 6.529973924338848e-05, 6.627450606093258e-05, 6.437117933819312e-05, 6.083703470618897e-05, 6.118270136964968e-05, 5.958439813190754e-05, 6.068515637211924e-05, 5.958642180439386e-05, 5.749628834955314e-05, 6.060506982176113e-05, 5.522867391179572e-05, 5.6658705074987685e-05, 5.531032891946804e-05, 5.4640710266545094e-05, 5.30756786408752e-05, 5.261175170450941e-05, 5.3052069028624274e-05, 5.2813265873468706e-05, 5.32426866342935e-05, 5.2810467661074584e-05, 5.146423267212401e-05, 5.3053996334391965e-05, 5.098644504721645e-05],