{"fMC": [7.241660952790172, 0.0006982335448439357, 0.0008439894286058061, 0.00030707579997404694, 0.001759178901862775, 0.002718100877760682, 0.0025531023136360926, 0.01012080437632135, 0.0006093694748694919, 0.003204750438918907, 0.0008363758102605991, 0.0007190424567138002, 0.0009734738567657119, 0.000554197519077637, 0.0006179759593698842, 0.0007873421406102898, 0.0025562141368747175, 0.0011717507842181794, 0.0006732884881345106, 0.0025638328126794292, 0.0016026598638808189, 0.01955532416102638, 0.001593543536455899, 0.0005836462000382976, 0.00039080526788608266, 0.001947610014266497, 0.0014964302646328937, 0.0005400914604448349, 0.0015932531422059176, 0.0006460648473169674, 0.0021983028827588648, 0.0017353662465457878, 0.002107550162966399, 0.0004820198339092042, 0.012573206458102103, 0.00047015765401837496, 0.0005667449388038263, 0.005650006387007301, 0.002543357939787808, 0.0005164403889558882, 0.00941429114212561, 0.0006223113440223482, 0.001772351209158836, 0.0007327903360347665, 0.004697936708567497, 0.0006207330137807564, 0.00038315922054474674, 0.0003452880161444744, 0.000879352836046929, 0.0005059190835881972, 0.001159184739683632, 0.0005262256629264436, 0.0025494882535354244, 0.0010645882448858566, 0.0006908196290413364, 0.0021354509357373423, 0.001798150252606805, 0.0013232569057579713, 0.00047704753966994553, 0.0009863783155526179, 0.00398028693669881, 0.00731821462158749, 0.0017105515301246341, 0.0007930609294944598, 0.007816997913153646, 0.0005677347900371351, 0.01061254843745135, 0.0005915298762577906, 0.005099807760778202, 0.0002804156271278139, 0.0003159550564210793], "u": [0.0018607988794153967, 0.0020049962860919463, 0.0017221289539399076, 0.0012765758996345728, 0.0011068603640922061, 0.0009646526299923208, 0.0009162313211995503, 0.0009605135174094132, 0.0009331229225247779, 0.0009448122905348913, 0.0009772202937474456, 0.0009962567342440421, 0.0009645466978772238, 0.0009649090583147477, 0.0009590848722062648, 0.0009414054012943588, 0.0009123776547883645, 0.0009303588568808663, 0.0009118881075505036, 0.0008964907299895565, 0.0008822162251125935, 0.0008559199183577359, 0.0008526289278153196, 0.0008449051206386313, 0.0008298846350714054, 0.0008129707417427585, 0.0008202804758187392, 0.000795650729666738, 0.0007871245978838237, 0.0007904461377480758, 0.0007805262799896645, 0.0007597347449722992, 0.0007590399450706935, 0.0007468933373596868, 0.0007365730215475896, 0.0007380694212614398, 0.000720961085081039, 0.0007004282415536292, 0.0006993638034519098, 0.0006991920662203108, 0.0006499266410502905, 0.0006751008557003205, 0.0006732870080055184, 0.0006520448460269427, 0.0006514539325460972, 0.0006476120364249196, 0.0006385611092228617, 0.0006281869610657418, 0.0006151370646772244, 0.0006128235388651839, 0.000601328124228346, 0.0005955372919248906, 0.0006098394490021671, 0.0005804386765915782, 0.0005717590207923577, 0.0005554754471640119, 0.0005718800546150503, 0.0005458949926712882, 0.0005459782877482999, 0.0005372236908544083, 0.0005554363440467324, 0.0004989903671177898, 0.0005159235163761751, 0.000516682499690817, 0.00047891018156604815, 0.0004966933384696669, 0.0004699813256469238, 0.00048533844742827784, 0.0005048997867422388, 0.00047796639516577215, 0.00046925774489279545], "v": [0.09017292886005342, 0.0006858015229504653, 0.0007386291905085375, 0.0006440068903547559, 0.0005271287791500169, 0.0004767783810660099, 0.00046054142556456375, 0.0004430436261800005, 0.00042707084204980634, 0.0004238328913419421, 0.000418502206878569, 0.0004200243121429742, 0.0004151062202409347, 0.00040527109880158125, 0.0003882466072837419, 0.0003747554736669147, 0.0003630241983604126, 0.0003558982115352886, 0.00034895883726339985, 0.000340254687991452, 0.0003344858858739952, 0.000342342860950479, 0.0003263796773375741, 0.0003195348369300094, 0.0003139856125578615, 0.0003046341548860308, 0.00029804504374774207, 0.00029398063448539424, 0.0002890562716915433, 0.00028220363717740624, 0.0002804349014338351, 0.0002742546535125537, 0.00026940893766358014, 0.00026466271845848637, 0.00027008293152110845, 0.000256674924055344, 0.0002535156029470014, 0.00025218498598878955, 0.00024241049451790016, 0.00024279849215821714, 0.00024064907904911467, 0.00023454302678041372, 0.00023257163018934075, 0.00022676266442753947, 0.00022279434442382638, 0.0002190272117669824, 0.00021588756001706037, 0.00021320490156068097, 0.0002079158351733078, 0.00020493444859082533, 0.00020333412040520938, 0.00019721942559986129, 0.00019450758859993627, 0.00019198850044042714, 0.0001897710700183411, 0.00018761493834987811, 0.00018617484326308425, 0.0001837572171363854, 0.00018181058389242434, 0.0001811209003671237, 0.0001783011982781044, 0.00017900041026180702, 0.00017397885192019076, 0.00017262382367729394, 0.000173815122349351, 0.00016925621316867955, 0.00016685095190569328, 0.00016669650882116535, 0.000165029036655421, 0.00016259675426338681, 0.00016174062521571092], "a": [6.7291116299341915, 0.018311358098169823, 0.007657007006730817, 0.005171360496266173, 0.004271976222055903, 0.003524292658828898, 0.003088052353260972, 0.0027206528165898075, 0.0024621330710927697, 0.0023727009221588247, 0.0021013901481112276, 0.001888114691220103, 0.0017342447005144605, 0.0016365010487796056, 0.0015249405599768108, 0.0014133423706953116, 0.0013417504170077676, 0.001291986231749454, 0.0012486554007988566, 0.0012068256801274473, 0.0011567171635519184, 0.001119026728155599, 0.0010530804378570255, 0.0010004719356651738, 0.0009531853144744078, 0.0009129283997787766, 0.0008682959466897308, 0.0008267518301075095, 0.0007918455719100325, 0.0007564944539198292, 0.000732625101658644, 0.0007286848658767096, 0.0006748495144991416, 0.0006573680873220603, 0.0006589858793784016, 0.0006203507629343633, 0.0006018127172413029, 0.000607653628743508, 0.0005793927009703218, 0.0005587704127774971, 0.0005645547380256447, 0.0005318616228915685, 0.0005188375839616974, 0.0005064650184931296, 0.0005210953044830877, 0.00048165258831254907, 0.00046921382985918073, 0.00046405484231992495, 0.00044818669828633896, 0.00043590860288811523, 0.00042613855355819966, 0.00041518887497583103, 0.0004066966396748591, 0.0004131346294697723, 0.00039566629291994647, 0.00039048118720567775, 0.0003691201333886656, 0.0003681166188434172, 0.0003513224070192037, 0.0003454926322068302, 0.00033677955915014437, 0.00033292949433290136, 0.0003174482610611795, 0.0003174367589888379, 0.0003077011577107734, 0.0002969400347300552, 0.0002822413572590771, 0.000271192942599448, 0.00028003314454486035, 0.000248281963742359, 0.00023475603305664333],