{"fMC": [3.5383851657889043, 0.00300472102210532, 0.0008472575852092291, 0.0006811619161817391, 0.0007368224274538153, 0.0010047095128809303, 0.0008272377656660307, 0.0006903078698407074, 0.0007369634086284773, 0.0008234879055311953, 0.0006773807252159379, 0.0009269743273578275, 0.0015978562934452604, 0.000471596865494393, 0.0005211976223637697, 0.0018675586486288558, 0.0006144802775239053, 0.0004259183224398627, 0.0003914572109956818, 0.0004439800119145038, 0.0009628403856630015, 0.0003718481272944726, 0.0008011710198054019, 0.000535965543264621, 0.0004066928283193772, 0.0011205987292034164, 0.0006324787958666226, 0.00027086805818241457, 0.0005111074404289735, 0.00036267948395136653, 0.00043978576366252335, 0.0004299143204230383, 0.0006175744532414925, 0.0005306757424367026, 0.0005883179267130862, 0.00041350240944905653, 0.00048668849420837663, 0.0007244480822469612, 0.0008034924421159317, 0.00046933088987272716, 0.0004965241265212413, 0.0004234519070787979, 0.0006024699893773683, 0.0004389844520881479, 0.0006439408725686543, 0.0004572115498936797, 0.00041309013548914255, 0.00033381842998481, 0.0005235372613997179, 0.0005877710368062844, 0.0005097287338515582, 0.000312530315928259, 0.00042162723726523496, 0.0006082557793929773, 0.00036101582441770935, 0.00040681490496451047, 0.0006012206582944707, 0.0003588300174851086, 0.00034428793170481457, 0.0003421597923273791, 0.00039569990842697823, 0.00034685316368200615, 0.0005321731946451008, 0.0007483630994044709, 0.0006291267994804678, 0.0005735839174092531, 0.0003829246128594203, 0.0006436619200704862, 0.00047951709096537965, 0.0003781691771678069, 0.00030426727828083673], "fSSA1": [0.6716958128657817, 0.0011691341710049791, 0.0005940641564942693, 0.00030762853072709915, 0.00028389329807179675, 0.00017181283048329772, 0.00016270688835222152, 0.00017358363139906473, 0.00020498249280012103, 0.0003268689106674789, 0.00022173226059440696, 0.0002261041505963992, 0.00027203968519986073, 0.0003233269331204293, 0.0002850516543436779, 0.00022004249186222097, 0.0002191382625196831, 0.00022973421259723598, 0.00020614177456781946, 0.0002093525475846832, 0.00019664869310774067, 0.0002382691395780324, 0.00022201796666006902, 0.0002045918157968984, 0.00019198413879731405, 0.0002224714834504473, 0.00016304906245717565, 0.0001700854306342127, 0.00017975493618399736, 0.00015018962028315108, 0.0001448502693866581, 0.0001495949247349882, 0.00013004763144317414, 0.00013173688961127533, 0.00014943714833365028, 0.00010881757494441297, 0.0001299925430728078, 0.00014834721418050196, 0.00012399452909325556, 0.00011584247315706219, 0.00014474833764378196, 9.320009986699848e-05, 9.460118417620464e-05, 9.165998054232023e-05, 0.00012588814146851342, 0.00013155022152702733, 0.00010136908279592066, 9.087022699054579e-05, 0.00011010294740593395, 0.00010064373464122493, 8.826382402136722e-05, 8.491599119213715e-05, 9.248627692205284e-05, 8.618097042778025e-05, 7.8339624817566e-05, 8.835723867764736e-05, 8.825191126219077e-05, 7.833122234284348e-05, 7.696792398122924e-05, 7.493937503472517e-05, 0.00010893890849689735, 7.590695446875745e-05, 7.330671846251499e-05, 0.0001009032088466171, 8.704255374969914e-05, 7.376855136701907e-05, 7.094457386969936e-05, 8.334446495916112e-05, 8.034770004648475e-05, 7.626061734856449e-05, 7.17287002365601e-05], "fSSA2": [0.6723358965407618, 0.00026796308770349813, 0.0005136181573707964, 0.0004279331104422074, 0.001008805628063785, 0.0003140647996668136, 0.00031962023627636176, 0.000455225000797491, 0.00030571447510820084, 0.0012248650649264244, 0.0004085075534283823, 0.0003124757333272252, 0.000255616451389876, 0.00029988888397279064, 0.00028595328086373145, 0.0002961555463431822, 0.0002403959422636581, 0.00016407745850320016, 0.00012574990405215297, 0.00014023211416488353, 0.00015079537746286187, 0.00017593763701128569, 0.00013998662788352166, 0.0001113204278152934, 0.0001298542844928641, 0.0001796138606407259, 0.00012283728865883557, 0.0001418852817320864, 0.00022844250032995575, 0.00017533617267900266, 0.00019462504301774966, 0.00013392689509011632, 0.0001418217301583037, 0.00014484161437910398, 0.00014973369047396502, 0.00016016359746040404, 0.00015945294646511885, 0.0001421988022459759, 0.00014330818367337897, 0.00013971919825567328, 0.0001354866301931477, 0.00010994792733983641, 0.00011831059534707151, 0.0001052839440403889, 0.00012965745300248276, 0.00013774102930170118, 0.00010806116151920817, 0.00010644987351525826, 9.796833605327536e-05, 0.00011585020496169194, 0.00011212904519585744, 0.00010470008216594435, 0.0001116527386539212, 0.00011531649451575444, 9.27869745345678e-05, 0.00010088485501457847, 0.00012182214203050677, 0.00010934724773662808, 9.360843938195411e-05, 8.740293038081573e-05, 0.00010998432815485634, 9.692616222150798e-05, 8.395428541560897e-05, 0.0001162954949947684, 9.476433549798233e-05, 9.724688734331582e-05, 8.317061389140721e-05, 9.261670129425297e-05, 8.788641877100383e-05, 9.92131309412967e-05, 8.139714172815458e-05], "u": [0.021249455012289444, 0.00027644423268922486, 0.00024266106013684315, 0.0002007822893077669, 0.00018605165183315962, 0.00016983085301425278, 0.00014436389675829693, 0.00012341827518008868, 0.00010756852846754179, 9.052356055961979e-05, 7.040163737432643e-05, 6.159867683419229e-05, 5.389688527598447e-05, 5.231499979628576e-05, 5.1499199884587834e-05, 5.14987803430542e-05, 4.873422763185788e-05, 4.801892339320788e-05, 4.7440924258715406e-05, 4.719224102109186e-05, 4.696618716211902e-05, 4.661575680794945e-05, 4.487277840101076e-05, 4.4229297467895964e-05, 4.3113959979189496e-05, 4.220407783640589e-05, 4.331524297613589e-05, 4.665448690840005e-05, 4.572258529583289e-05, 4.3783409012292253e-05, 4.1536021878006815e-05, 3.98051630334239e-05, 3.662320930968504e-05, 3.3779385178143575e-05, 3.098200221289683e-05, 2.8688274788406836e-05, 2.6730527921453914e-05, 2.454418011172917e-05, 2.194796748965787e-05, 1.955740002350558e-05, 1.796371541877669e-05, 1.6288843080568693e-05, 1.4897191083118097e-05, 1.3734102542010833e-05, 1.3685599599635578e-05, 1.4798876992199172e-05, 1.464069544067493e-05, 1.4545510537212697e-05, 1.4374859884647835e-05, 1.4072931658875402e-05, 1.3754885172608344e-05, 1.3618821164581691e-05, 1.4118633377251796e-05, 1.4645052013822602e-05, 1.4645546215684283e-05, 1.469254440419647e-05, 1.4695750511478276e-05, 1.4602182950174982e-05, 1.4719451239599472e-05, 1.4448565000964882e-05, 1.4590956346267629e-05, 1.4449616507585912e-05, 1.4409361883154792e-05, 1.44230679115843e-05, 1.4445967587740722e-05, 1.436435620997734e-05, 1.4524217624443016e-05, 1.4259734621493872e-05, 1.4558042527082349e-05, 1.4402696484188484e-05, 1.4442284894676845e-05],