{"fMC": [4.917398306410332, 0.001390853740637199, 0.0005412211668869862, 0.0005954744558276972, 0.003045176766618992, 0.001531214216858925, 0.0012725100973717774, 0.0020033890773358755, 0.006198356509119229, 0.0011941471649284537, 0.002011072521642149, 0.0033145496899067324, 0.0017048859691528903, 0.0018553078096997758, 0.0008369610904675237, 0.0011014045066117563, 0.004044653576910259, 0.0018383638360758587, 0.0021838694715824673, 0.0012667866216616733, 0.0013847366376738876, 0.0015387533973658387, 0.000897994424998283, 0.00108582495395216, 0.000746380952708267, 0.0032110129238291565, 0.0009908930766430854, 0.0006040145523331184, 0.00470888672666635, 0.0009876141704711267, 0.0009950768090014528, 0.001087959392685513, 0.001585834171014553, 0.0011275660772234056, 0.0013820361733239536, 0.0006848722317406289, 0.002054005624364987, 0.003473443074616463, 0.002262680937581793, 0.0007456064934175647, 0.0009714323170362573, 0.0010027436711574004, 0.0015158468419164974, 0.0012064606054999994, 0.000726342999125386, 0.0006954305349902332, 0.0007865726746669592, 0.0009879274938601951, 0.0005223052545204308, 0.0008946787515580847, 0.0005315497617374676, 0.0005907133081538907, 0.0016429689928203952, 0.0007925609356130946, 0.0008847837332991783, 0.00039924917996404433, 0.0005612780119136735, 0.0008661346081797726, 0.0015543168502599612, 0.0008168333923655417, 0.001693458461910726, 0.0008079231841531639, 0.0009893353318698673, 0.0020358725446269128, 0.0021632791797105864, 0.0006507270953530787, 0.0004951151836192652, 0.0008364734572890773, 0.00180336679033243, 0.00042404561354349575, 0.0006137954105055276], "fSSA1": [0.3204327490270591, 0.0008705915740687153, 0.00046275469934649533, 0.0005209465232871774, 0.00032132816119463854, 0.0002726152026875329, 0.0005016396475325089, 0.0005484238715036011, 0.000824837703863057, 0.0006314055779624729, 0.0004669693433675144, 0.0004417157485905649, 0.0004668904510900813, 0.0005143175562665111, 0.0004452358618852333, 0.0004110403424533764, 0.0004256357533277645, 0.0005707151701469849, 0.00042762586878448543, 0.0003492145811389815, 0.00033290249412109516, 0.00037685061038824724, 0.0003261331484236213, 0.0002817203209261161, 0.0003367566858393037, 0.0003669121715078301, 0.0003150428676977322, 0.0002980020494800195, 0.0003456362824226175, 0.00023727584752023502, 0.00023316407190375124, 0.00022850039694931936, 0.00022333520856992347, 0.00029441106080044255, 0.00020978991668389342, 0.0002595399572105634, 0.00021169740521151083, 0.00023483006559642608, 0.00024190129234590978, 0.00019995264056532207, 0.00021715435076132813, 0.0002489721395154541, 0.0002153730793849022, 0.00020751545900077328, 0.0002243374110049891, 0.00022752696567842403, 0.00018899568676591835, 0.00020398188919166404, 0.0001737451419868847, 0.0001748988144366592, 0.00019798119995127688, 0.0001930366652236053, 0.00019078744695188603, 0.00019539030748566227, 0.0001773309286621129, 0.00018097933966608164, 0.00017517599083152034, 0.000199100056651784, 0.0001904406126689671, 0.00017302016048213165, 0.00021852635423994505, 0.00014936815948620884, 0.00016530302021269672, 0.00015584614928743524, 0.00019469779257832667, 0.00016653603727453126, 0.00013755137319836942, 0.0001584270627059378, 0.00016301989551580743, 0.00015669434845760655, 0.00013620361418073302], "fSSA2": [0.5339506059593564, 0.0028717890442633005, 0.0008357235997171033, 0.0012845438157801127, 0.0007330477548410164, 0.0007906531351276995, 0.001017161066566184, 0.0008108296563815416, 0.0010241047165861813, 0.0006341857608092712, 0.0006286749670783721, 0.0005359013009489733, 0.000414124841043386, 0.000548145081198551, 0.0004123962821299337, 0.00035239426847215636, 0.0005100323977886033, 0.0004144047541571586, 0.0005517903885978541, 0.0003740217668550089, 0.000351833912098544, 0.0004056193857740607, 0.00029506656961953874, 0.0003111811586132265, 0.00029038181779961425, 0.0005204693967144086, 0.0002795697127981558, 0.0002509701270557118, 0.0005289664416325083, 0.00024654930656432095, 0.00024057473495925837, 0.00026881658195775077, 0.0002139305620505414, 0.0002441759417368277, 0.0002131929990289901, 0.00021368655935763653, 0.00022231840699829118, 0.0002930908985549672, 0.00030321608564984445, 0.0001859269246042108, 0.00024025614082153786, 0.00021943626293798642, 0.00023893345591281681, 0.0002474812972972584, 0.0001897284078032237, 0.00018378245684978073, 0.00019191132670961074, 0.00023040639992404785, 0.0001607551033942483, 0.00018473135251128415, 0.0001788133210648033, 0.00019953419420331802, 0.0001825494442493405, 0.00017067100116276805, 0.00021047743209464645, 0.00018747550134979094, 0.00015094428350917737, 0.00017621137816758317, 0.00019315959953612093, 0.0001628897945922383, 0.00027688200054375465, 0.00016324453319325162, 0.00019664052391153526, 0.00031527050170894336, 0.00024061279709454328, 0.00016386757334996732, 0.00013224490558596145, 0.00014414902839605235, 0.00020321368377923933, 0.00014247193443845077, 0.00014704849580840035], "u": [0.015209672868608104, 0.0008521781594204305, 0.0008450562668166232, 0.0008270772093731025, 0.0008105282966677022, 0.0007430211254378697, 0.0007064895705782124, 0.0005925685258627895, 0.0004663840393405481, 0.0003436399433791145, 0.0002904988172673748, 0.00025814251950350347, 0.0001966891360855471, 0.00014570641624682507, 0.00011351248601596679, 9.065252631096895e-05, 7.20701482995125e-05, 6.180501985617799e-05, 5.482443587157105e-05, 5.04045103784406e-05, 4.751841839651551e-05, 4.690569784059755e-05, 4.59906401029537e-05, 4.568797425917129e-05, 4.654994410539116e-05, 4.69655852867283e-05, 4.626549371654956e-05, 4.372465681180005e-05, 4.461115516678436e-05, 4.292176961494238e-05, 4.230322722091988e-05, 4.1670280481233866e-05, 4.102816895740872e-05, 4.201132772782047e-05, 4.078425233732676e-05, 4.059422370809679e-05, 4.008093916660464e-05, 4.001749368877524e-05, 4.051745316765424e-05, 3.88121854360899e-05, 3.8393081880950455e-05, 3.959836092863644e-05, 3.768557745105405e-05, 3.743254272880284e-05, 3.853966461770592e-05, 3.7104507939960894e-05, 3.695115627380186e-05, 3.562841778841596e-05, 3.536255351281836e-05, 3.473573902045695e-05, 3.450153728222164e-05, 3.30011592648877e-05, 3.2337867411285905e-05, 3.1857598117050886e-05, 3.161583439808373e-05, 3.1200553773693696e-05, 3.0284006217953178e-05, 3.0981185881836955e-05, 2.9746056987212437e-05, 2.9296587941982733e-05, 2.9594310036538202e-05, 2.8863780075441696e-05, 2.9004106001652726e-05, 2.851543038572791e-05, 2.898839394420834e-05, 2.8558907450392247e-05, 2.8001518164015542e-05, 2.759363011931164e-05, 2.7765644568478876e-05, 2.785056933019175e-05, 2.749393493599361e-05],