{"fMC": [0.24260663880814165, 0.0009030684596803043, 0.002252952978889714, 0.0016986203677060877, 0.0020809499515838424, 0.001299381389280365, 0.001523369106165465, 0.0011804451283702296, 0.0017665479294096686, 0.0012489854327893855, 0.002690118301663914, 0.0029136158519674554, 0.0012694539737721213, 0.0015883178685448512, 0.0019907215685846733, 0.0008557132743887272, 0.000905230322634707, 0.0009079158932419453, 0.0011090329565494844, 0.0019061693788595862, 0.0014020497213386375, 0.0015849619920799884, 0.0013490979174780437, 0.0008897840396978413, 0.001787557407746023, 0.001738850556658339, 0.0018239834696157516, 0.002346845796744545, 0.0018993304559918281, 0.002846231044569593, 0.0006154707986254712, 0.0008229835378296703, 0.0007157043621353256, 0.000731814799513192, 0.003748194381620224, 0.0007480843029891874, 0.0007336455116799032, 0.000771116557326284, 0.001625134065739023, 0.0015143030445431947, 0.0013487497834554505, 0.0010880975536921792, 0.0007822834085118674, 0.000979844422439335, 0.0014775352828970882, 0.0007568824107156278, 0.0004958034952156592, 0.0009393370210259724, 0.0012211055225682214, 0.0014508210585042493, 0.001104849178443244, 0.0006903271728708723, 0.0013542157818357122, 0.0010699014742512783, 0.0006816161320615165, 0.0004596777519241915, 0.0023212029146431386, 0.001445973745427234, 0.0031698730427900776, 0.0006197741853512704, 0.0009058577490913891, 0.0007583665771833703, 0.0022244831008515023, 0.0004865858879470214, 0.0007905720002947151, 0.002539956731468403, 0.0016962179779809541, 0.0010550018605398248, 0.0005773484185173439, 0.0005078248886886612, 0.0003519300313798814], "fSSA1": [0.5191592963810373, 0.0012428009445478467, 0.0005625037483079464, 0.0003349067562235754, 0.00032951911298174593, 0.0002899145557143916, 0.0005214201434843009, 0.0006441367705123391, 0.0004846350198121741, 0.00045347203762103477, 0.0006364812975470562, 0.000418581138350018, 0.00040279544677899505, 0.00033499359664636725, 0.00042063705895368944, 0.00038876493810631425, 0.0004376660762282536, 0.00041442541550061493, 0.00030905278274496003, 0.0002715100407103795, 0.00030704042808212423, 0.000352418192391452, 0.00029010551042675536, 0.00027847319321698506, 0.00035082859887699126, 0.00027468329613625756, 0.00036657129592755405, 0.00023380330812566944, 0.00026970117177375317, 0.00032037362707105756, 0.0002966922005532676, 0.000309529889772503, 0.0003160297758248063, 0.0002210827553045556, 0.00021062725882659575, 0.0002525496568823835, 0.00023121826526501958, 0.0002365643236662572, 0.0002811900070083946, 0.00025587623186215235, 0.00022182419356459683, 0.00020054247983955836, 0.0002479523009465752, 0.0002492562478033648, 0.00022234211747758185, 0.00020502339844935422, 0.00023755679818015596, 0.00022649318128128035, 0.00021719252520268226, 0.0002593364035897992, 0.0002663665210542851, 0.00024396865188192597, 0.0002017813219118498, 0.00024186320630345531, 0.00020227513455236876, 0.0002103447268047914, 0.00031119238706648874, 0.00026175744424807723, 0.00019027243147294156, 0.000190170138701998, 0.0002405730415484822, 0.0002195478885212301, 0.00024473711676546375, 0.0001927236339916282, 0.00019298008918162756, 0.00019384218006980616, 0.0001794078629563106, 0.00018081181367898252, 0.00019235459765601145, 0.0002070678241053003, 0.00018803877430305073], "fSSA2": [0.26006490849377056, 0.0009996756564968111, 0.001365314455539116, 0.0006014670927019954, 0.0003904613095926937, 0.00034128206642823806, 0.0005763409620312002, 0.0006052114120233982, 0.0004390901420211016, 0.00036839435769749285, 0.0004913025717377503, 0.00040159690879142243, 0.0003864677804753784, 0.00037716976068430353, 0.0004871510110486349, 0.0003786929728016421, 0.0004567317878942786, 0.0003504487157809683, 0.00028265781668309974, 0.0003055327943606547, 0.0003235082244322704, 0.0003956370275066307, 0.0003380712383394964, 0.0003744041304734201, 0.0003530723276938877, 0.0005187697084658995, 0.00038044026072576033, 0.00030418307559728855, 0.0004143114116738542, 0.00044146531021696555, 0.0002705679908816097, 0.00026590751714276244, 0.0002475288654662133, 0.0002286431836197491, 0.00029124714438489587, 0.0002291278526413739, 0.00021833766844924697, 0.0002213899132787011, 0.00025849990653813414, 0.00030174138373797267, 0.0002778824439629778, 0.00020311265729293073, 0.00021468935381141837, 0.0002523089593728855, 0.00034989482083880405, 0.0001908424711887336, 0.00022155000454624952, 0.0002474920166150345, 0.0002611509720300881, 0.0002633069199553033, 0.00022821992629600254, 0.00022267467335373864, 0.0002019032129117073, 0.0002137633743958223, 0.00017200172368563835, 0.00019776842648680268, 0.0003598459405391404, 0.00022898817930067943, 0.0004063417154985358, 0.00018574615020088678, 0.00019458798299791394, 0.00017757944252722212, 0.00026617286852927277, 0.00017168755880004512, 0.00020336511841107627, 0.0003120335942373895, 0.00028207411937437816, 0.00019233185737185573, 0.00018617703171806022, 0.00015532489004650002, 0.00016089664452720735], "u": [0.025949721049513586, 0.0009973309121315155, 0.0009027808038843176, 0.00084566272912166, 0.000689794745173955, 0.0005342523982875286, 0.0004247615081940386, 0.0003282327274010308, 0.0002788899956659496, 0.00024873303716935766, 0.0002561026018032312, 0.00023429802249126718, 0.00021958738862629695, 0.0002040918639462603, 0.00016733596112449933, 0.00010037686705442296, 7.923869293105259e-05, 7.188931081340899e-05, 6.614471669164556e-05, 6.27854318928943e-05, 5.931415259649553e-05, 5.7027583703522245e-05, 5.3048503808638306e-05, 4.777338838461519e-05, 4.5807603789407724e-05, 4.305320048182874e-05, 4.129850987516431e-05, 3.926363028399417e-05, 3.759396036304996e-05, 3.7077893755379734e-05, 3.531986408953837e-05, 3.403118038703043e-05, 3.231822263397413e-05, 3.1260404470106864e-05, 3.052029800518744e-05, 2.9930625983708865e-05, 2.8958312542690597e-05, 2.8431446699992496e-05, 2.7955455478073646e-05, 2.652253031652136e-05, 2.6814840876324826e-05, 2.6155953103843044e-05, 2.6547349806239956e-05, 2.5600407410375383e-05, 2.503501850555409e-05, 2.5242575680989762e-05, 2.4771205948089607e-05, 2.4762037704710608e-05, 2.5175772064983948e-05, 2.5590822508033397e-05, 2.4608263257919427e-05, 2.4535639325179732e-05, 2.470479071740112e-05, 2.4301951934795652e-05, 2.444755592479153e-05, 2.4147128350229704e-05, 2.5131050307153294e-05, 2.5007109986595985e-05, 2.4152273482881298e-05, 2.4516089439835147e-05, 2.4858448054090213e-05, 2.44093786870764e-05, 2.4707889251413396e-05, 2.4687434334232025e-05, 2.4195285573039548e-05, 2.4400896179367888e-05, 2.4522212474022195e-05, 2.4090199397956813e-05, 2.3913059213053866e-05, 2.4077288715678528e-05, 2.4153864362446978e-05],