{"fMC": [6.608931557876909, 0.001684914382950085, 0.0013776889936573914, 0.0005241796784480643, 0.0018136439155380885, 0.002407358092530646, 0.007126197111393694, 0.0046765766792352574, 0.0013101140988379387, 0.0022876852588713577, 0.0015265360132644518, 0.0019525021273107902, 0.0018536831895736676, 0.003534531721382195, 0.002787669543509344, 0.0020502848773010594, 0.002276176147784025, 0.003971348660477248, 0.001745111136911215, 0.0012600313187199456, 0.0009232381490662255, 0.000792990202211412, 0.0019152239274026618, 0.0020624796064940996, 0.0017744231746024762, 0.0014335892402919056, 0.0017010819589175457, 0.001329410868822629, 0.0011087759522035129, 0.0014141808349236948, 0.0016678474849719095, 0.0008777879856877187, 0.0017982165806997635, 0.0011675490276958657, 0.000978444615181008, 0.003871447113513713, 0.0012142594055712008, 0.0008190718337963515, 0.0013249996060916843, 0.0007979649632561974, 0.0009567626846189201, 0.002046677259806898, 0.0014267692505427212, 0.0009993185519313376, 0.0019241552202135428, 0.0010261070135711516, 0.000695791010388733, 0.0008786545355159178, 0.002001414624186351, 0.003166710223449813, 0.001935028469967831, 0.0012824421335284493, 0.0015317347355218744, 0.00095677481025249, 0.0009703109095270453, 0.0017713013007890307, 0.0020063220032546644, 0.0008339674304992471, 0.0009743705419590678, 0.0011153965322182413, 0.0013409116176701218, 0.0006673898953955332, 0.0011871643360959515, 0.0011021683732627538, 0.0015521772926764283, 0.0019355660065547434, 0.0012292182979540785, 0.0013308523365069876, 0.0006023872116524985, 0.00180304016789357, 0.0022696053994080813], "fSSA1": [0.1546326495917177, 0.0009311752969567465, 0.00047873515753261883, 0.0002693791249463573, 0.0005740601690564417, 0.0003383682798235571, 0.0005459307679481024, 0.0005769988390517925, 0.0005099331768785745, 0.000570929273730156, 0.0006948644726876204, 0.0004504762085243542, 0.0004163597930296022, 0.00046989615230186706, 0.0004806719337506585, 0.0004568462496584156, 0.00047790986821400063, 0.000460407174503947, 0.0004393644745220302, 0.0005751488294097867, 0.00046593215514314644, 0.0004138578055756975, 0.0005115628842756109, 0.00042917915202317515, 0.000369372977374013, 0.0003498727921381291, 0.0003696774344711325, 0.0003714423776358543, 0.00034646449024489627, 0.0003569181033405599, 0.0004218634174296872, 0.0003504183353871888, 0.00029696148912255555, 0.00025622855276001864, 0.0003028955314117678, 0.00028068616864245996, 0.00027542008285612427, 0.00024178012597644957, 0.000270349697961931, 0.0002686960282323116, 0.0002799759299956753, 0.0002700684162097967, 0.00021477732824423687, 0.0002694240334621434, 0.00024188799751899032, 0.0002666832499551475, 0.00027457358858910764, 0.00026358413687198296, 0.00027075868646837077, 0.0002431987304293991, 0.0002336022525709762, 0.00026092396593403803, 0.00020585814145613704, 0.0002754374007083039, 0.0002507941352087993, 0.00019106009847904645, 0.00022628555765779487, 0.00021981577052145463, 0.00022455937813640624, 0.00020532862202798008, 0.00021025922839523848, 0.00021451058311831313, 0.00022798669500058346, 0.00018916565504235004, 0.00019198608031075688, 0.00023545630762825847, 0.00022995936527700375, 0.00018971455618494422, 0.00019031188210801253, 0.00018436379375936463, 0.00018406092236937825], "fSSA2": [0.5054083258647825, 0.0015334722697905876, 0.0007426966098657042, 0.0007156249699996441, 0.00041455565558196777, 0.0005789128112640495, 0.0012115521960181835, 0.0008912883262844957, 0.0005471838922499365, 0.0005237748565912701, 0.0007329870184609605, 0.0005697161495174161, 0.0005366682288529175, 0.0006631482280487736, 0.0006615845022616571, 0.00045745210850396824, 0.0004929193516875009, 0.0005039723048168186, 0.0003996703294380337, 0.00044031310443829505, 0.00036603894847723366, 0.00034443881246657045, 0.0004733117346624584, 0.000406497814268769, 0.00043653003903957097, 0.00037039288820775093, 0.0004084772850109109, 0.0003955330765045939, 0.00035639196011979466, 0.00036077044093973666, 0.00035577426257463895, 0.0003220946906937915, 0.0004710853079100266, 0.00029186440933595735, 0.0003049975584214058, 0.000434739675305036, 0.0003679087110205745, 0.0002621294858739274, 0.0003538776133276278, 0.0002965561183845134, 0.00029837527866688484, 0.0003064451529251131, 0.00025693250250278697, 0.00027189934519082377, 0.00034074451587460814, 0.00035526252085147655, 0.00027430201821559584, 0.00029969599270255123, 0.0002911134342060798, 0.0003960056078424073, 0.000325490436674014, 0.0002648030169126026, 0.00025076217366615104, 0.0002433079233682385, 0.0002423500286294663, 0.0003147819476128336, 0.00029232707431422664, 0.00025613003428966326, 0.00023603675714792876, 0.0002549312130940841, 0.00027685189172803, 0.000223856231974518, 0.0002337223663074608, 0.00025327644119484556, 0.00027581968983464097, 0.00031522800264793593, 0.00023504357818188311, 0.0002962063349782513, 0.00021515139527371856, 0.00031558390774610005, 0.00032370125869196344], "u": [0.004117938829892917, 0.0011193929476926842, 0.0010044291344632021, 0.0009415481043724942, 0.0008973614167167148, 0.0006885656418257254, 0.0005285476060028723, 0.00041818897429998217, 0.00034876152768042383, 0.00029959441746206034, 0.00027569538107640194, 0.0002448656909043973, 0.0002317741994913479, 0.00020931415594366382, 0.00018946176218292792, 0.00014514452341515724, 0.00011848819819788339, 0.00010317162638296518, 9.416943018460774e-05, 8.918141067723687e-05, 8.007096180831428e-05, 7.312484403815801e-05, 6.876014777561888e-05, 6.464158300926244e-05, 6.0720757610851293e-05, 5.860544402454238e-05, 5.5244023315474065e-05, 5.342252212771877e-05, 5.013454412364812e-05, 4.8618183783920795e-05, 4.783467992255026e-05, 4.516117516334994e-05, 4.2927441501781434e-05, 4.109779103235761e-05, 3.995589115041483e-05, 3.8761046193009626e-05, 3.787836001845324e-05, 3.672383971825124e-05, 3.6453218979598375e-05, 3.5777553251590895e-05, 3.535187923120322e-05, 3.469224147762749e-05, 3.347715399552076e-05, 3.27866003785752e-05, 3.1718919820205494e-05, 3.181074884323165e-05, 3.139284697782127e-05, 3.0762570646379354e-05, 3.088008140775767e-05, 3.06518253280595e-05, 2.9919889586193862e-05, 2.936252245350202e-05, 2.9214719943860928e-05, 2.9430383538069866e-05, 2.9292638858039793e-05, 2.8773985007083518e-05, 2.859461395254157e-05, 2.8963845163191595e-05, 2.8732668903407668e-05, 2.8449475714549125e-05, 2.8380769146981687e-05, 2.8326748480897032e-05, 2.8476280278161814e-05, 2.816913040668506e-05, 2.76318983198311e-05, 2.7605692822506045e-05, 2.732090646081012e-05, 2.765256823169222e-05, 2.7534883228980764e-05, 2.7160888399571326e-05, 2.713285837316194e-05],