{"fMC": [31.023937905465086, 0.002643293057638615, 0.0031478204553808077, 0.0015800041538068508, 0.002303578112279503, 0.0007808680984900683, 0.0011803040730759932, 0.003249825863522231, 0.0018240272426701654, 0.0011324632513271024, 0.0013146134889137362, 0.0022596397900312816, 0.002707025635470068, 0.0022366304363999217, 0.005355390354500322, 0.0039914795842004094, 0.002018674714234447, 0.0010498496209868375, 0.0016293119221753678, 0.001379739121401761, 0.0014507264774882484, 0.001048493666093673, 0.0016548509097044106, 0.0017569448216209903, 0.0030358606554220214, 0.0012596499017911884, 0.007806078494174331, 0.000763008603841602, 0.0012470491734395566, 0.002696103514428091, 0.000733669788265521, 0.0012737367918820098, 0.0009509074746999033, 0.0010820380926893102, 0.00271703704754686, 0.0010953105400181916, 0.0007742838018880742, 0.0013719852385881209, 0.001976711846962164, 0.0008971105274334669, 0.0012011934961738949, 0.0014208723170113435, 0.0007119251099167625, 0.0020938850446740125, 0.0012633673552746407, 0.000962127682465001, 0.0014790082038137475, 0.0005850782083310113, 0.0014336145318838058, 0.0027655058689306225, 0.0011757824682702334, 0.0007797462499755749, 0.0012701678022574673, 0.0009759280425496528, 0.0028595433717245634, 0.0004758665607744792, 0.0021808407726250324, 0.0011596052502954226, 0.001734761401934951, 0.001440520157327411, 0.0009871596941058364, 0.000738556622446619, 0.001834451147548655, 0.001321004179961903, 0.0007035712063453427, 0.0013313226877523902, 0.0022865053499078595, 0.0005056211217734062, 0.0006658993907656946, 0.0007793072095250566, 0.0005130447338750985], "fSSA1": [0.6556748813429353, 0.001028779275409638, 0.0009892251956711952, 0.00026551814190135884, 0.0003737158719120043, 0.00038270989219961596, 0.0008249063479150264, 0.0006403675137156136, 0.0006698458317639594, 0.0004331716044311083, 0.0005596777218213997, 0.0007862012139451913, 0.0008274344049859213, 0.0007408954060937994, 0.00048423996204833517, 0.0004667791996767986, 0.0006449087181174967, 0.0004573897831105259, 0.00044039857862713323, 0.0004177520011302394, 0.0003296549073077154, 0.0003532618973543837, 0.0003666540851634789, 0.000286513431559832, 0.0003623740692632677, 0.0002823576798454553, 0.0004030316207824825, 0.00026212753819971875, 0.0002475586879453341, 0.0002564046859034334, 0.0002531538050937662, 0.00023876481630656678, 0.0003202056938065866, 0.00030990742694045396, 0.0002581569651791005, 0.00030879471638626773, 0.00024650540806506096, 0.0002731711917507525, 0.0002765089940250665, 0.00030808819291259007, 0.00022778382559863393, 0.00031057909899187975, 0.0002074853466636741, 0.0002693774006097784, 0.00021070557131712422, 0.00020688251776263775, 0.0002112258376429591, 0.00023103619001610073, 0.00024347844711794495, 0.00022480714487872763, 0.0002292739718369407, 0.00022155951919648395, 0.00019681674077744779, 0.00019554230826384893, 0.00027600594310363437, 0.0002162462585851455, 0.0002546189499961383, 0.00021081009133483872, 0.00021402933097054786, 0.00024835158983780675, 0.0001977533742035772, 0.00020184103007060597, 0.0001969925167367922, 0.0002078123875281781, 0.00019031520626737434, 0.00021435505702833646, 0.0001817507755120977, 0.0002073452441058075, 0.00020288610360614688, 0.00018858291609517034, 0.00018864407909504078], "fSSA2": [0.21159506963488678, 0.0016625673314791477, 0.001558778593080427, 0.0005007488215601432, 0.000978882767654451, 0.0009245145313847209, 0.000537958912000981, 0.0010014059540368345, 0.0010220383858688458, 0.0004656753578104757, 0.0006101933278535974, 0.0006397386762548, 0.0013906808115211062, 0.0010999881013085923, 0.00044070852091919834, 0.0006840781793687659, 0.0005611343455015308, 0.0003908565345697224, 0.0005549870700325989, 0.0004908328045290896, 0.0004398548669782736, 0.000416918953924497, 0.0003338181899100872, 0.0002766701550958869, 0.0005045363758079878, 0.00028415269774376346, 0.00040923766278879597, 0.0002493777050609353, 0.0002698626296517006, 0.0003098410621285977, 0.0002407700412474751, 0.0002500720332327831, 0.0002647354693909909, 0.00028656388838035397, 0.0003606331477937547, 0.0002530123103857143, 0.0002252373620329518, 0.00028112274594171077, 0.00028813924367743454, 0.00023664747901539098, 0.0002186483576464867, 0.00027749292997794584, 0.00020711759023893424, 0.0002811921832830197, 0.00024399055941012394, 0.00020799526926485614, 0.0002982695089287906, 0.00022950251711061407, 0.0002996962445921764, 0.00029971300181127743, 0.00026407037761908377, 0.0002332560423863283, 0.0002259059273419542, 0.00020489799136447106, 0.00032679908453256813, 0.00021319231328969092, 0.0002843376064625201, 0.00027641845997431814, 0.0002482430521531714, 0.00023629105924717077, 0.0003477375137443131, 0.00021191195891457056, 0.00023403452989078207, 0.00024206059590828636, 0.00018855902129629498, 0.00020761281924340776, 0.00024471119881452224, 0.00017956411919728174, 0.00018799024313409664, 0.00019529964861306608, 0.00018915979990120674], "u": [0.02783323782822232, 0.0009452220868734622, 0.0008773734924282054, 0.0008319895770596724, 0.0008201901731731125, 0.0006353016025660461, 0.0004997642246552872, 0.0003656983369709826, 0.0002488547979226646, 0.0001990537961425472, 0.00016049076716326892, 0.0001365389632413368, 0.0001073382491159132, 8.76213384890762e-05, 6.738305376446907e-05, 4.867026059165107e-05, 4.0032642193778074e-05, 3.322840983123049e-05, 3.0087217093150584e-05, 2.789213359035732e-05, 2.644659128889625e-05, 2.640545537026994e-05, 2.558466416257452e-05, 2.4476505232433663e-05, 2.4179473692532465e-05, 2.2937895021556655e-05, 2.2674810117980874e-05, 2.1513207495062553e-05, 2.1203228079689067e-05, 2.0809992793692373e-05, 2.0229650542255514e-05, 1.9569257595368652e-05, 1.9535966698377985e-05, 1.8592833153797242e-05, 1.9123174225859173e-05, 1.808701506943822e-05, 1.7473182184623836e-05, 1.7607482139585806e-05, 1.74789822829387e-05, 1.7074157285310288e-05, 1.649550225471079e-05, 1.6606983191427507e-05, 1.6032575136555597e-05, 1.6651035728027416e-05, 1.5526636707204708e-05, 1.5539549477112022e-05, 1.5319695257774394e-05, 1.4934098695837954e-05, 1.4767542878738775e-05, 1.4754784410510617e-05, 1.472814721871655e-05, 1.5006679781970464e-05, 1.4597129062905573e-05, 1.4739725835802268e-05, 1.4956403680932229e-05, 1.471791520946448e-05, 1.5440202764995374e-05, 1.470679107970239e-05, 1.4850373960052757e-05, 1.513988143549834e-05, 1.4469249641855266e-05, 1.4367242148942536e-05, 1.4618548546384608e-05, 1.4663210281689881e-05, 1.4660817911204362e-05, 1.465000877759439e-05, 1.4697622669774665e-05, 1.4664900378669597e-05, 1.4871011387378918e-05, 1.4689744436830278e-05, 1.4608404262731599e-05],