{"fMC": [10.549615350844466, 0.0017758910017896302, 0.001217436986826193, 0.002943365535390059, 0.00088985922671113, 0.004744508637295149, 0.0008822835407237785, 0.0015524515714532517, 0.003089060872476437, 0.003505823933124644, 0.003392993224073977, 0.002341186838919675, 0.004076622839579924, 0.0012704793537076807, 0.002447801555746865, 0.001970424869769755, 0.0011426358562735555, 0.004931533357609994, 0.0012481489954513966, 0.0048913105467206595, 0.0017603400421531774, 0.003949070718439854, 0.0037450496782957705, 0.0010887754469890783, 0.0011724630772260772, 0.0011872533928442145, 0.001254881801844239, 0.0018153671526695916, 0.0025399489732654324, 0.0006588262984469791, 0.0009742262308975884, 0.0017983037195358604, 0.0009028071469318993, 0.0018602976949569994, 0.0014183679882025168, 0.0006734477311011912, 0.000761596197385092, 0.0017559337583458526, 0.0026735547183814375, 0.001915341200034499, 0.0013574554831064407, 0.0014618545055027526, 0.0009460999625762248, 0.0005976028979394062, 0.0012204495889557576, 0.0010408977788218443, 0.0026266553923748655, 0.0035893457346121076, 0.0007001842293067878, 0.0012520009443397243, 0.0021567425886339837, 0.0017644125345415897, 0.000842272931749061, 0.0017798819870847619, 0.001040300576955895, 0.0011659694028754214, 0.005043114888429349, 0.000794123739436629, 0.0010826579969489588, 0.0015501786587385838, 0.0011801085256812483, 0.00136061594617344, 0.0008955731184657171, 0.0008082577154412834, 0.0016267883181348293, 0.0009853044022322343, 0.0007768544420086835, 0.0007296586776084943, 0.001018036744094085, 0.0008599826329454541, 0.0016578321091689076], "fSSA1": [0.10144777549406833, 0.000731227989390539, 0.0006270632919184631, 0.00027294498315547766, 0.0003137436118113505, 0.0003000653918352317, 0.0006893500272422817, 0.0005408683899439466, 0.0004409993687531196, 0.000699976952006797, 0.0005448391286357879, 0.000636410148561298, 0.00042082586709272493, 0.00042376013050377773, 0.00041742893700150803, 0.0005374982358750413, 0.00039188679859415156, 0.0005052430857894732, 0.00037926489986662824, 0.0004608773395280674, 0.0004233397831450411, 0.00038168302203317694, 0.00036840295638812206, 0.00029524309631503396, 0.0002936292033324071, 0.00035187582592219183, 0.0003284633693054746, 0.00034020563029719454, 0.0003180553560544353, 0.00031346655916470573, 0.000255075926632337, 0.0003345521674900968, 0.00032877564795513075, 0.0003354060539292235, 0.00031906117232982097, 0.00027075254126757836, 0.00028332577449709316, 0.00028168884069151997, 0.00024564074973073804, 0.00023996255701044534, 0.00021736099204467275, 0.00031536894168672394, 0.0002621517886738087, 0.00024148382915845646, 0.00028126023074924125, 0.0002023729186742087, 0.0002037318824966714, 0.00021113050721977293, 0.0002618844456700142, 0.00023741933170282406, 0.00026198965059731904, 0.00019284211477573921, 0.0002499436304850658, 0.0001970503956369451, 0.00024320197226171124, 0.00024097133835570118, 0.00026041678558286945, 0.00018543456553853346, 0.0002447742205480386, 0.0001959465116773261, 0.00022330342830463945, 0.0001796216044592131, 0.00018011548512083704, 0.000240034874796362, 0.00017129450206372797, 0.00021229721083417533, 0.0002236220054779604, 0.0001721317987342195, 0.00024270103347483603, 0.00021081383564026604, 0.0001699812759831138], "fSSA2": [0.5929480335697032, 0.002506728517121277, 0.0035656599226246972, 0.0005345076403961953, 0.0004929247899297839, 0.0005466559876884782, 0.0005717187930841766, 0.0008137141080348264, 0.0005594720355457097, 0.0018536699410974526, 0.0004482355518626496, 0.0005319441060200637, 0.0005354642242475094, 0.0004730993997930618, 0.000578246731300938, 0.000487135604169951, 0.00038681619196412353, 0.0007072246023350769, 0.00037331569748508384, 0.0006882478458988285, 0.000383772967379819, 0.0005686926420552211, 0.00042078418039966835, 0.0002923174071206055, 0.0003234267150307567, 0.00033128899798597414, 0.0003801876616488471, 0.00042832871032026393, 0.0005041788254930581, 0.00025363919195021224, 0.00025540467818643587, 0.0003280426101591951, 0.00025957116981969585, 0.00028004905103891836, 0.0002916422711237764, 0.00024334174151101839, 0.00025515799810158423, 0.0003165394458271393, 0.0003421687834864251, 0.00029512484373401263, 0.00024126695598772007, 0.0002992962667870696, 0.00021836447130213434, 0.00023519354679642874, 0.0002615111198465507, 0.000179397825999331, 0.00022536737268531674, 0.0002993540503025061, 0.00020215051364411239, 0.0002214295608458722, 0.0002930650591981967, 0.0002645270415865467, 0.00019992463008180187, 0.00021153956517085842, 0.00021185165760547728, 0.00021703330740357123, 0.0004818203011588682, 0.00017726795045336466, 0.0002057978095312181, 0.0002742830756847965, 0.00030492401809231176, 0.00022074485069823377, 0.0001731579607415377, 0.00018247190704803168, 0.0002518298048463778, 0.0002139673299415608, 0.00019723517176635077, 0.00019485483311351448, 0.00019988671905150194, 0.0001776733881017989, 0.00021462537543084844], "u": [0.0038019836145724026, 0.0009999721377235212, 0.0009763814361492828, 0.0009509121578480105, 0.0009347398987461291, 0.0008798850770735273, 0.000798087726946892, 0.0005799429223884462, 0.00040039041455375155, 0.0003040532771744866, 0.00029380522297966225, 0.00025855127606500726, 0.00020532789251259844, 0.00012954623489839747, 9.02856379080657e-05, 7.468066640614126e-05, 7.043911007319903e-05, 6.882646980407163e-05, 6.63326910341353e-05, 6.575349889947176e-05, 6.338736028594871e-05, 6.111525299694433e-05, 5.9432744498878673e-05, 5.902289642467832e-05, 5.7774237793205936e-05, 5.6502715531677565e-05, 5.497918492476561e-05, 5.3368132107639696e-05, 5.2817908690316304e-05, 5.0683618295134834e-05, 4.990370303698534e-05, 4.881887469548434e-05, 4.8328475440227093e-05, 4.730800797634017e-05, 4.7166647818497124e-05, 4.659427169677682e-05, 4.5809849039090025e-05, 4.491969720055719e-05, 4.402617889303559e-05, 4.2837463482710534e-05, 4.285516963050944e-05, 4.198148409749446e-05, 4.09584715470937e-05, 4.040778561718186e-05, 4.020370990117534e-05, 3.9133965916990157e-05, 3.8618794212487756e-05, 3.792564336751372e-05, 3.774913264551601e-05, 3.751255174643728e-05, 3.658965694907366e-05, 3.6029322553771646e-05, 3.504932552171775e-05, 3.504976613781575e-05, 3.46756353230387e-05, 3.414864414561796e-05, 3.399853336867645e-05, 3.343529135320459e-05, 3.305759554513427e-05, 3.2507095275572404e-05, 3.302042773624603e-05, 3.216760296895172e-05, 3.189572198673793e-05, 3.119352117595387e-05, 3.096472118883629e-05, 3.0087051949435654e-05, 2.984498648409568e-05, 2.957774641125989e-05, 2.915470173040156e-05, 2.9765814572676747e-05, 2.866210278573369e-05],