{"fMC": [11.709962270960942, 0.0014015603949576556, 0.0014706981557886327, 0.003160262088516124, 0.0027288845103924796, 0.003936686114709368, 0.0034215125018945748, 0.002363764608207887, 0.0033379534476486415, 0.009116953803122267, 0.002681307468942427, 0.007337211023134145, 0.0026120027004264156, 0.009423075900786573, 0.005787079108492418, 0.0102682138811051, 0.001415880622122025, 0.004297089804673571, 0.004904694802952375, 0.0037775861301243227, 0.0024923727513257877, 0.0044782923047027, 0.004488500856721192, 0.003407433319942386, 0.002765696587759594, 0.009209105971443879, 0.007044314464795763, 0.004753337028260786, 0.007013246969758283, 0.006962338634264417, 0.005743763652109663, 0.006627775417179094, 0.004139561317814581, 0.003383675339890783, 0.002493330796516793, 0.004134349994913721, 0.004249961720392579, 0.005618739432197931, 0.013013567046929998, 0.007797360501609039, 0.007911117689870266, 0.002229917721581445, 0.006143867416500822, 0.002805268814347188, 0.003982730096399518, 0.004068499788096136, 0.0059100727659854215, 0.004526100944134789, 0.0063801584311057955, 0.0050897988370624024, 0.005462898662713123, 0.0036759669006900943, 0.0058701400867165274, 0.007208184759166235, 0.0016232791699168426, 0.005035902845787935, 0.0027172791136110892, 0.0023486180523259823, 0.0030786041857934106, 0.0035527191529017735, 0.00508249203463689, 0.002298530802524989, 0.005625236420401646, 0.0049473343801435836, 0.004386376095539394, 0.002115054186194255, 0.002874364171652298, 0.003654705901095476, 0.0032764377343687257, 0.0038270571176915328, 0.001961075642728268], "fSSA1": [0.27972495699113176, 0.0011346633962125783, 0.0004980124239826701, 0.0005348204575439533, 0.0010631393276200611, 0.0010960405976360708, 0.0009210568757767727, 0.0007702008057531273, 0.0015825482272821237, 0.0007293411581102362, 0.000663777093888332, 0.00503626818887766, 0.0007934808368870703, 0.0012262602664157084, 0.002263861785750006, 0.0011685088994570062, 0.0009428500410460795, 0.0010966475565403152, 0.0010912053988875456, 0.0008328828503743702, 0.0013663372697079893, 0.0010729604055356428, 0.0006419964345852068, 0.0008147780176174321, 0.0007352483589767683, 0.0013709748217575878, 0.0006987813685882148, 0.0006294023047209296, 0.0006758255530144487, 0.0010673459772136712, 0.0009297577486418487, 0.0007381408421629367, 0.0007511287332221177, 0.001081012374275625, 0.0009411193514296481, 0.0012005228437571927, 0.000841088240322113, 0.0007913726678984888, 0.0014248386472945572, 0.001026429440437737, 0.0009330946878876278, 0.0005975964002414909, 0.0008104381046174346, 0.000854127727637898, 0.0009037486142010997, 0.00075061253835297, 0.0005694209223854594, 0.0009013754986108864, 0.0005398930754565723, 0.001161167805696707, 0.0005661310090278242, 0.0010333339048699132, 0.0006310368667656045, 0.0010882931998631537, 0.0006784459326101871, 0.0006976968748548846, 0.0005486355948813032, 0.000628120363633008, 0.0006250718150805262, 0.0008286294786923436, 0.0006432111287841893, 0.0006820320487705972, 0.0006375717694100322, 0.0009373265253738738, 0.000559644570074551, 0.0010025171681446777, 0.0005388696693929055, 0.0010017251450232627, 0.00045539640048923303, 0.0015456320453418571, 0.000620397084437161], "fSSA2": [0.5692835469433803, 0.0020680361355505878, 0.0012251937362031144, 0.0014623332806867223, 0.001382608956286905, 0.003005047974949543, 0.001602306026216195, 0.0015366160846100284, 0.0011270755833324836, 0.0015358750000976642, 0.0008355409603433727, 0.002515737369276602, 0.0010673456596943798, 0.002687627556317274, 0.001151105021343605, 0.003039455646796805, 0.0008130532258970776, 0.0012687763107268046, 0.0014205878574481124, 0.0012238091602640732, 0.0009340973829364862, 0.0012053079553737038, 0.0009085448234830595, 0.0011180294143213329, 0.0009116906117620625, 0.001568705142003893, 0.001294657654604829, 0.0009776860668907644, 0.00141127005819805, 0.0017323713122923518, 0.001171014229624291, 0.0010700757714943807, 0.0011017045622925667, 0.0009163790430614709, 0.0008121946663616212, 0.0011828447095260568, 0.0009717297758773261, 0.0013478308473283075, 0.0018395734474611948, 0.0016794337073459576, 0.0017789012159680532, 0.0007372617978319184, 0.0010234630483218045, 0.0008158668927445821, 0.001121047606134751, 0.0008925285164503138, 0.0009582218378546889, 0.0010067732032043807, 0.0010014478037493333, 0.001103903826845816, 0.0007964298752443104, 0.0008383817769656697, 0.0007647394578178023, 0.0012485742946525148, 0.0006741497096123568, 0.0010937867861213885, 0.0007629040840258167, 0.0006644823094836746, 0.0007906175736604438, 0.0008715778675234054, 0.0010969115742346402, 0.000727937556173585, 0.0010637874621477153, 0.0009671258491582684, 0.0008947518176458134, 0.000655101529505305, 0.0005778157174445443, 0.0008101766298152136, 0.0005951429588649143, 0.0008790077243683926, 0.0006266438513528909], "u": [0.00831767541893352, 0.0009349793656474825, 0.0008721290613287044, 0.000827003840189332, 0.0007674484572333794, 0.0007352557920854135, 0.0006910618773547996, 0.000652665200298269, 0.0006436568236616034, 0.0006358310283926504, 0.0005447301878842576, 0.0004648829665800239, 0.0004336547814146991, 0.0003991824631484704, 0.0003766694588539248, 0.000365437152153701, 0.00035170381344074454, 0.00032886962502267383, 0.00031145314705858097, 0.00030291131608417094, 0.0002904834789954901, 0.0002767878263357972, 0.00026339805409102173, 0.0002314455975143579, 0.0002194380501865157, 0.00019185002248579093, 0.00017824475689275378, 0.00017805105924689364, 0.00017228190699342667, 0.0001644917177516329, 0.00016198788003893852, 0.00015923375756275723, 0.00015349605853675277, 0.00015130048405626837, 0.00014769457818917874, 0.00014860425071116422, 0.00014393824185011006, 0.00014437707879400437, 0.0001364349762639592, 0.0001401281470913154, 0.0001380732694979257, 0.00013955528115502285, 0.00013690635437159433, 0.0001343748091791913, 0.00013226967663388213, 0.00013453839067345086, 0.00013773251416756652, 0.0001229615411998436, 0.00013010796638344128, 0.00012172791778931732, 0.00012771020500520444, 0.00011861644198205896, 0.00012162181791038321, 0.00010938999672559218, 0.00010955381399355253, 0.00010927445913855451, 0.00011093863076465404, 0.00010331385558363801, 0.00010297948172356202, 9.905010971743946e-05, 0.00010214964885874739, 0.00010057074561508879, 9.973743014408128e-05, 9.315776566313671e-05, 9.488153488442404e-05, 9.420765409319935e-05, 9.31606728920023e-05, 9.042952601460051e-05, 9.27043163466114e-05, 8.526331607436053e-05, 8.671912088947894e-05],