{"fMC": [14.390524888695875, 0.0068291573486196945, 0.0027937432169176514, 0.0008802290334190788, 0.0007251963296721704, 0.00121755535768158, 0.0016293018454543408, 0.001078689760201707, 0.0015863378937806167, 0.005384670152905002, 0.002985109276787189, 0.003907565345292006, 0.0038738978426707997, 0.003198794358063228, 0.001737285692580938, 0.001345547437472837, 0.0011424850616701804, 0.0022454311576522445, 0.001506974123055644, 0.000994871538915656, 0.0012802326974404729, 0.0038346318729936806, 0.002604263347012082, 0.001717455349301662, 0.003209486095988828, 0.0011218910067670588, 0.0007402621289300107, 0.0014668928991847787, 0.0013660824208335744, 0.001415479530479091, 0.0021619444198617784, 0.0009551175118848854, 0.0011946027951697808, 0.0006982553245487545, 0.0034453819018600207, 0.001053374247507055, 0.0007112128525450433, 0.00147120694648344, 0.0007895348734577412, 0.0013731626238987, 0.0014933634285545, 0.001702418800881364, 0.001256633567698098, 0.0020418117332908696, 0.00152369005886186, 0.0010747644436914763, 0.0010342193988244189, 0.0009955921584414106, 0.0007387364436688686, 0.0014136555084609643, 0.0015684954310665248, 0.0007237195204445988, 0.0015249866000361597, 0.0011042979679887488, 0.0007089653186819767, 0.000684802290557059, 0.0018157147273777036, 0.001257836354491293, 0.002404552909624328, 0.0012317034626907703, 0.0018980895861341108, 0.002306424038968713, 0.0009472865664587408, 0.0015062001751723478, 0.0006172905181788244, 0.0009172330043952022, 0.0012496449716463914, 0.0009339382595025793, 0.0008084791152006166, 0.000627241964041128, 0.0008573926140442927], "fSSA1": [0.8021599073266942, 0.0014688846603197303, 0.0014509249474690623, 0.0004271497262179845, 0.0003960452351005282, 0.000949114443573498, 0.00044945331793002063, 0.00040858711496674155, 0.0006403904809375163, 0.00036527077523361683, 0.001287850681810321, 0.000530747429293232, 0.0006675326547017912, 0.0003697239533830058, 0.00048193031562466035, 0.0006202859765438466, 0.00040471977322520744, 0.0004297374489767417, 0.0005330874611530152, 0.0004671205616496545, 0.00040939311583193544, 0.0004910485751599674, 0.0004093113897398642, 0.000416092703361379, 0.0004884329558448577, 0.00048705923836658355, 0.0003739454921261277, 0.0005088774053281424, 0.00039532444154208193, 0.0003834390435615672, 0.00048452446030009335, 0.00035836457319848766, 0.000333476069407291, 0.0003379414665595241, 0.00034755107168949536, 0.0002814501168544917, 0.00030715733406362427, 0.0002943397402477642, 0.0002865887341783788, 0.00024779782636045377, 0.00034356934917214346, 0.0002848281721355279, 0.0002653780983935692, 0.00028085654133218216, 0.00023099308828594854, 0.0002604272516030571, 0.0002696151324269364, 0.00021305155985810775, 0.00023011034637101914, 0.00024483171510474055, 0.00024331282772602973, 0.00021187622243104242, 0.00020845205857563144, 0.00020665653385488353, 0.00022289883366153314, 0.0002686904612953295, 0.00030402787834075924, 0.0002743018874610934, 0.00022680731362781132, 0.0002415301180173942, 0.00022446771815526237, 0.0002037145304694026, 0.0002842788859192281, 0.0002889618416830554, 0.0002206189843051803, 0.0001965516373738444, 0.0002906592488087808, 0.00018070988729877426, 0.00019924663240514844, 0.00022157929297120696, 0.00021873539887783122], "fSSA2": [0.030515459620407935, 0.001176067642506554, 0.0017525434230760298, 0.0014302144916135769, 0.000792838894273635, 0.0018194826030264951, 0.0006786191493660519, 0.0006727756569501425, 0.0008130304141775667, 0.0005042040841751138, 0.0005950093572712345, 0.0005893729711892119, 0.0008265657360693003, 0.0009208612571818643, 0.0005859108187386285, 0.000498233828207629, 0.00043111952040545093, 0.00045134989754945813, 0.0005556141902919829, 0.00047333485500891524, 0.0004283366444869852, 0.0006410584327009922, 0.00044814204831335473, 0.0005011288155896666, 0.0005413970471371878, 0.000415273103788103, 0.00035330115001173067, 0.0004422686675786832, 0.0003420429584785069, 0.0003547644766813958, 0.0004621262155475301, 0.00031114867373277733, 0.0004045803797780316, 0.00030577693589259233, 0.000534453272102909, 0.00030962458392144623, 0.000275375874657414, 0.0003102932390535414, 0.00027797361859060185, 0.000260266695847532, 0.0003208198117307474, 0.0002907664040823231, 0.0003473310809513459, 0.000418001908326871, 0.0002666375418179615, 0.00022540712664105515, 0.0002583266587455701, 0.00023852343998311638, 0.00023036198766830573, 0.0002491394629866199, 0.00023316294127564003, 0.000213657792372679, 0.00027427905328704816, 0.00021792777859912788, 0.00022030649481762375, 0.0002113220611099211, 0.000282197351394757, 0.00023718146336429397, 0.00030933336840421183, 0.00023867431863956604, 0.00026519123341947214, 0.00029291873755315573, 0.0002601934943777002, 0.00022920436607900706, 0.00021906023220766622, 0.00020854734192846773, 0.0002543197186739641, 0.00024022940060824434, 0.00020800327029718625, 0.00023187773246416274, 0.000264314642813276], "u": [0.025271881449947083, 0.0008951212498484136, 0.0007533738101776967, 0.0007064807876600803, 0.0006979312825974737, 0.0007019707662886356, 0.0006909206982201126, 0.0006555295455468002, 0.0006187714682132656, 0.0005355418843606301, 0.0005131771167642262, 0.00048948376465345, 0.00045791400128844675, 0.0004113056696886424, 0.0003807369136392444, 0.0003132562514959965, 0.00027150272334602513, 0.00023827112172799012, 0.00020505546119015152, 0.00014681740490202837, 0.00011937070993836544, 9.977903044326913e-05, 8.603407298497278e-05, 7.855235957472393e-05, 7.468318459785242e-05, 6.970527741719238e-05, 6.488182936506486e-05, 6.196919710156058e-05, 5.845983441557964e-05, 5.481686664650517e-05, 5.1415922536019326e-05, 4.854388525194928e-05, 4.623877105798017e-05, 4.281476543463398e-05, 4.1533516831727816e-05, 3.9139638163356014e-05, 3.7082643693097436e-05, 3.499613024924362e-05, 3.407720224039342e-05, 3.2379653242669704e-05, 3.1847905810518466e-05, 3.060631724580245e-05, 2.9547949740761303e-05, 2.9366494027952437e-05, 2.8332770815888534e-05, 2.81536610247903e-05, 2.7335533531979686e-05, 2.6646924188551018e-05, 2.622627675024813e-05, 2.576878453261198e-05, 2.506313585881397e-05, 2.4600412103290435e-05, 2.4749662824067808e-05, 2.4212577562017453e-05, 2.416779178603514e-05, 2.360694089530088e-05, 2.400629148975763e-05, 2.3524358739228333e-05, 2.2666066585309037e-05, 2.255269682229221e-05, 2.2205131930353877e-05, 2.1820294877066213e-05, 2.259214392657732e-05, 2.207741126733155e-05, 2.1839850703078482e-05, 2.128266998571303e-05, 2.2043588166006657e-05, 2.117377283354614e-05, 2.0988490995707545e-05, 2.1354545598918562e-05, 2.0499482241868645e-05],