{"fSSA1": [0.7863534252736911, 0.004049302979391328, 0.0009225700090563266, 0.0011166158896579205, 0.001298764292102766, 0.0012448620859607622, 0.001800421095704887, 0.0007860153757357466, 0.0011265766137839098, 0.0011917506057524325, 0.0010858824686323, 0.0012136798333359678, 0.000855978562302205, 0.000850512534378107, 0.0009211171993060872, 0.0013622655943780794, 0.0011643178396994365, 0.001154792991872428, 0.001087652339021541, 0.0008125440811419105, 0.0007761678759797501, 0.0007115571362913528, 0.0009404940198269311, 0.0007647612929466819, 0.0007431963156153865, 0.0006110323824042159, 0.0006386205059405442, 0.000595453222279072, 0.0005761041731448646, 0.0005373142757072019, 0.0010146286245127539, 0.0005078228326010461, 0.0006933733719175614, 0.0006221046085677513, 0.0006122920275003058, 0.000993885658688673, 0.0007380244074435383, 0.0005820090071258091, 0.0014653567771353813, 0.0005379169001404269, 0.0005184827459492227, 0.0004987360282415931, 0.0006003389719467259, 0.0005993519305842393, 0.0005942157755428416, 0.0004509156945767728, 0.0006764364842680051, 0.00048696069488333147, 0.0006124259784083729, 0.00048548562019757897, 0.0005172503602216612, 0.0005576869302459566, 0.0004908128456173558, 0.0006009643787456251, 0.000680842948900306, 0.0004671356987914058, 0.0006972670068086106, 0.00047536871854778447, 0.0004849354507500669, 0.0004517599238532949, 0.0003841730602766494, 0.00046600862775921285, 0.00040095568108285384, 0.0003939008689040448, 0.0004792150169517312, 0.00039424317817519347, 0.0004440484599002632, 0.0006227281810415497, 0.00038653462534956896, 0.00041405940190597545, 0.0003877685380557262], "fSSA2": [0.19622652318702039, 0.0029468860606160978, 0.001938955446894573, 0.001362842213428111, 0.000769505893493872, 0.001767748774969966, 0.0016001056186590607, 0.0006468865730636866, 0.0009051292486893939, 0.0012628718044241094, 0.0006111094535507013, 0.0008028574959906521, 0.0008285956555416941, 0.0008053292644605311, 0.0009322928837861721, 0.000556206351883421, 0.002325986289680222, 0.0005723515003860498, 0.0008734168518447263, 0.0007842622958584603, 0.0008422594629888272, 0.0010190325075315767, 0.0006355060922564051, 0.0007098399419478991, 0.00046927174097763466, 0.0004883090342050913, 0.0005677759268806216, 0.0006722113215738962, 0.0009831792608204477, 0.0006097695570884543, 0.0007722172778139574, 0.0004866696695144331, 0.0007191951346758232, 0.0005431555347849444, 0.0005707821006491599, 0.0004506268005299195, 0.0010243609554430276, 0.00040474913498648064, 0.0006806525781167236, 0.0005622298282564248, 0.0005294796361849259, 0.0004181386712331968, 0.00046341207607714205, 0.00048221549720004066, 0.0006100945701869711, 0.00039006804627242966, 0.0004158705549623394, 0.0005277157408726469, 0.0007231640368561604, 0.0004941361339188444, 0.0004512679923587233, 0.0004734821911567383, 0.0004892551385811592, 0.0004253899165094999, 0.0004347431647590446, 0.0005243162814462775, 0.0005609139446770565, 0.0003975166686351245, 0.0003625907320648471, 0.0004909784177888787, 0.00035717827214571773, 0.00045221132562754814, 0.0004110320379975113, 0.00030648192950388293, 0.00034438081565616076, 0.00029816534355748674, 0.0002990470531186682, 0.00033363222339568714, 0.0005074240348575283, 0.0003449647854864898, 0.0005015927643981929], "u": [0.015463396214258336, 0.0008742321459368585, 0.0008397696476392494, 0.0007780004164371084, 0.0006521824842132192, 0.0005090065805376456, 0.00048304582329681227, 0.0004418895888316312, 0.0003843639254517258, 0.0002915694467726912, 0.0002252310965695431, 0.00018410351443567282, 0.0001646616654988468, 0.00015731606009754585, 0.0001465005280842122, 0.00013675057458494531, 0.0001305426666458133, 0.00012205407450045788, 0.00011591399264632842, 0.00011616367849305391, 0.00010603366375414626, 0.00010221686678967524, 9.753868053533147e-05, 9.518719209039106e-05, 9.262218070813903e-05, 9.186565499329098e-05, 8.987661352701667e-05, 9.004392842811614e-05, 8.999700558200294e-05, 8.907486430395463e-05, 8.967963828994251e-05, 8.588925634386584e-05, 8.396482532444057e-05, 8.186725725312411e-05, 8.03830928136085e-05, 8.167667229152883e-05, 7.725501001153062e-05, 7.448513918288463e-05, 7.809170193932576e-05, 7.034062172002542e-05, 6.932055119147942e-05, 6.77836752233803e-05, 6.669047436655618e-05, 6.602887457040694e-05, 6.480520305720808e-05, 6.454368919994961e-05, 6.284543212744437e-05, 6.204241881136599e-05, 6.2712391156617e-05, 6.080808515933975e-05, 6.10727082879639e-05, 5.9743918453372865e-05, 5.941424441829587e-05, 5.999015904773022e-05, 6.0723495895143255e-05, 5.782008558925975e-05, 5.990077963838876e-05, 5.770426217553883e-05, 5.8427158800608203e-05, 5.7639383711536735e-05, 5.775774823843676e-05, 5.787299447699707e-05, 5.704813906993175e-05, 5.647117047054468e-05, 6.001021749008543e-05, 5.634620594339712e-05, 5.9105967481228483e-05, 5.7546780344127194e-05, 5.615134541093533e-05, 5.60760222540361e-05, 5.6117524813535564e-05], "v": [0.0031092792585736243, 0.0007174358453657767, 0.000602898046246939, 0.0006229896664943086, 0.0005551521306578039, 0.0005641550899384632, 0.0005209972908996452, 0.0004669658141809152, 0.00042684511151054415, 0.0003101710906790625, 0.0002976116649633499, 0.00029159173590770414, 0.0002643164061310966, 0.00025060077262766727, 0.0002381684862294555, 0.0002217910128093612, 0.00021539310820086087, 0.00019998408929665555, 0.00019575015620339417, 0.00019484769944984014, 0.00017793606465620236, 0.00017319714376096848, 0.00016972504404399587, 0.00016617660394588538, 0.00015984931609434454, 0.00015678161376042133, 0.0001545707730315667, 0.00015490599491665082, 0.00015168122530293763, 0.0001482673373185135, 0.00014391447348134046, 0.00014067883557456615, 0.00013999631990856218, 0.00013216765892923, 0.0001286001272710873, 0.0001267732219283545, 0.0001230662125438745, 0.00012085059515403479, 0.00012162081311107304, 0.00011657821494544203, 0.00011652482584066054, 0.00011543683507842698, 0.00011303851330707055, 0.00011189672089174211, 0.00011089652467486485, 0.00010824984139833054, 0.00010571042175197918, 0.00010587655620657747, 0.00010356407978483598, 0.00010123335070652209, 0.00010015257499114793, 9.937250144339795e-05, 9.671030941400218e-05, 9.745012180216897e-05, 9.418498325346514e-05, 9.647524994243686e-05, 9.122444208069007e-05, 9.216795859038369e-05, 8.951024926976729e-05, 8.88571040866001e-05, 8.73649125230217e-05, 8.830872161359537e-05, 8.552904884903239e-05, 8.491236223521225e-05, 8.360594194148813e-05, 8.318404375479807e-05, 8.166370827603797e-05, 8.174071327722404e-05, 8.153176221220647e-05, 7.876620984912454e-05, 7.991513074212224e-05],