{"fMC": [6.126263807296076, 0.001636636018875944, 0.0039901095948036945, 0.0015611359439360749, 0.0008782405169621334, 0.009105375559293699, 0.0044505899880223085, 0.0016710941964416396, 0.006203178578425426, 0.010128901402665588, 0.0021726235655872782, 0.002262637176490038, 0.003630478423142563, 0.0044700206367812075, 0.0032751269925594575, 0.0027045192874451773, 0.003876774160721478, 0.008869141367461855, 0.0033762222053585057, 0.002505263458120012, 0.0020064568473864867, 0.006070287712929998, 0.002560557195651709, 0.0018282544047141338, 0.0036889536779904472, 0.0057403817543113895, 0.0027747040524516826, 0.005871323361196866, 0.001541801220954013, 0.005364738874806984, 0.009230483309252762, 0.00589804801335099, 0.005907539046115993, 0.002845313185484372, 0.009420323870175332, 0.0021220920012002373, 0.0029495563883686756, 0.010525808248174492, 0.003095538105494209, 0.001320205357549253, 0.006122592384920326, 0.001597088882396036, 0.004085559903168141, 0.002923522556797755, 0.005471004619991523, 0.006957095449604329, 0.00668955403478072, 0.007215331587371822, 0.002666624380375485, 0.0020841136782340608, 0.0061049547679603655, 0.0031914714333417795, 0.00299427281960091, 0.005404468290387041, 0.0033844249048207817, 0.004100521229682966, 0.010310240389439689, 0.0037741561187645853, 0.002383155156534976, 0.0035990587285299348, 0.010566484756688348, 0.0022903625334399253, 0.005802285825397887, 0.004261547285299391, 0.002455300990324253, 0.0027938134286443622, 0.00291916307763437, 0.0014321208770920319, 0.003042752572897498, 0.0031093941842177614, 0.0030229919687870905], "fSSA1": [0.36877787235912174, 0.0011993205783495916, 0.004731167967965993, 0.000772471425228023, 0.0009561472680112532, 0.0017259184544178659, 0.0006665390012947586, 0.001171183752111224, 0.001859236282149955, 0.0008478328743025937, 0.0010448680547983488, 0.0008422543802967914, 0.0017087496033879118, 0.00078179951245065, 0.0010166662957898024, 0.0010797052890062714, 0.0006667599777327396, 0.0006879959651041729, 0.001128496706931846, 0.0006955298686749736, 0.000774666854322679, 0.0006998806442883158, 0.0010312088237313464, 0.0007908553325344594, 0.0012047900691835236, 0.0006452455161258495, 0.0005870581729021594, 0.001265218060258766, 0.0008783283791893012, 0.0009342352344488668, 0.0006260388735790902, 0.0005764521551565451, 0.0014454932068001442, 0.0005860801049304611, 0.0006549185380726228, 0.0005746894154527354, 0.0006798545263475279, 0.0010057253975962726, 0.0011427043237643717, 0.0005985500431118912, 0.001038578490392691, 0.0008225672773958917, 0.0006872120918865046, 0.0010007146792549236, 0.001137008853249716, 0.0008192769862592089, 0.0008218687370497938, 0.0005017694005145812, 0.0005013038847213321, 0.0006430648993023617, 0.0005617320336230718, 0.00047502447128335473, 0.0005300062260307892, 0.0007212265405781286, 0.0005307930901638469, 0.0006327287646101851, 0.0005569678662452437, 0.0007703279671356597, 0.00044496676775763756, 0.00112479752030847, 0.0004490874702514855, 0.0004575967592395738, 0.00046412508565253803, 0.0004795862394716079, 0.000852707222789889, 0.0004735193977944253, 0.0010554885515666656, 0.0004836776863971306, 0.0005346672520615661, 0.0005090254158737313, 0.0006517562494297534], "fSSA2": [0.2382602676776711, 0.0010424766089293179, 0.002637138937991613, 0.002580705951473671, 0.0012723548946962147, 0.0018492198980664145, 0.002208174397078383, 0.000983170810262902, 0.00230133088909155, 0.0018086751304927599, 0.001073551909854819, 0.0013311143140429735, 0.0014267225931851417, 0.001723416135854179, 0.0010281467135324373, 0.0013024740239485934, 0.0008655634210454709, 0.0013291765652028353, 0.001221809645619205, 0.00095398590933917, 0.0008424065953546667, 0.0012230432700424054, 0.0009951539169928698, 0.0008332201163508101, 0.0010640842988791992, 0.0013179934734064568, 0.0007404641298270434, 0.0012542863836398704, 0.0007774928686516118, 0.0011714091023815503, 0.0014470719051606522, 0.0007956532156224561, 0.0013220396224485444, 0.0006956347285857101, 0.001435631150642183, 0.0007044056609702069, 0.0009253354345016066, 0.0016671505399665021, 0.0008874561940892603, 0.0006698280764111072, 0.0012100444696960901, 0.0007008590024291428, 0.0009483566043601944, 0.0007738625176966478, 0.0010942805954612582, 0.001291185629864134, 0.0012410049367847782, 0.001073842044472489, 0.0007978556204775392, 0.0006986611656967459, 0.0009004851685043045, 0.0007045867852251448, 0.0006806271012507729, 0.0010409048193389643, 0.0008513648976921873, 0.0008770257247433741, 0.0014839835663932686, 0.0008509321034175874, 0.0006377439539940308, 0.0007687650137236302, 0.001095438789507432, 0.0005815417230611193, 0.0009470461204826412, 0.0009132680882497973, 0.0006260748572835649, 0.0005844587350767818, 0.0006978978899032859, 0.0005970518360728954, 0.0007843262889546477, 0.0006912300228029574, 0.0007772404351869691], "u": [0.010230663985400852, 0.0010067642524816535, 0.0009389795432386798, 0.0008976892247214258, 0.0007627032829970259, 0.0006967208808189043, 0.0005631377477870707, 0.00045807353592712373, 0.0004104192387296592, 0.0003647321336814696, 0.0003283383158463095, 0.00030727618346732677, 0.00028753312378801757, 0.00027279170642288025, 0.0002479140403590762, 0.00023802532634805904, 0.0002279583816240415, 0.00021522639933078968, 0.00020021778295229527, 0.00019322234307058198, 0.00018818990730692668, 0.00017897031348453632, 0.00017451248824844773, 0.00016920227028956368, 0.00016487103340100213, 0.00016766590158030298, 0.00016051732720840173, 0.00015426141222277481, 0.00014543901653245208, 0.0001410112910797318, 0.00013947320000932902, 0.0001393518361235533, 0.00012534219383562617, 0.00012853591465482078, 0.00012384841057654197, 0.00011747320779636205, 0.00011028329917835515, 0.00010678516409686355, 0.00010357684462985161, 0.00010409447841520812, 9.875647925776406e-05, 9.901976854982793e-05, 9.948578664516715e-05, 9.670602025729013e-05, 9.477175067237839e-05, 9.519169535600123e-05, 9.451210821506596e-05, 0.00010145770960012031, 9.479221826312998e-05, 9.199451267598305e-05, 9.826833371958357e-05, 9.543411467776252e-05, 9.515837832049681e-05, 8.802623137888964e-05, 8.939386761839189e-05, 8.900851483808071e-05, 8.930490392434469e-05, 8.616016671145396e-05, 8.775561651271814e-05, 8.363577609825358e-05, 8.967164710018438e-05, 8.659617034029141e-05, 8.546030287362799e-05, 8.453141106099704e-05, 8.055332723633266e-05, 8.583470772113509e-05, 7.921760635577277e-05, 8.110971957103307e-05, 8.245565370854779e-05, 8.222859261298281e-05, 8.07955663969478e-05],