{"fMC": [0.6650192373397331, 0.0003127984771823639, 0.00043881713907042064, 0.0004250744423713761, 0.000856715917101012, 0.005151298272217431, 0.0004488271879157878, 0.000619110901822663, 0.000490796540240949, 0.004500347642572566, 0.0004784750288406583, 0.0007301813487145567, 0.0014268977402640255, 0.02186704100241908, 0.0005950812111791808, 0.0005687074178384434, 0.0006125232243994966, 0.0012168328008622476, 0.007065645619830343, 0.0008843560035801366, 0.005191297643438472, 0.0012182958289886276, 0.0077373260726005385, 0.003102875126663664, 0.0164975775369223, 0.007991743661759034, 0.0021258691163872734, 0.0036024303480983984, 0.0038687577158432298, 0.0004017694440605105, 0.0067240408606283626, 0.006367410424121342, 0.00031710182411290994, 0.00043635569141112516, 0.00038805541274253134, 0.00030329207700823934, 0.0004073987927396097, 0.0005092058525346032, 0.0027898295902005986, 0.004585927785274669, 0.00032611362200532707, 0.002724632928239705, 0.0007103492357129709, 0.0009667134717396935, 0.0005379763454016562, 0.0007197248431279949, 0.0013315093098216506, 0.0017864762779081697, 0.017238648654960016, 0.0010878678242566809, 0.0015907503216473946, 0.0006968695483174425, 0.0010362318097650904, 0.0021124130434150043, 0.006557304853284925, 0.0006855044610317485, 0.0003764122948861455, 0.0019303108779139175, 0.0005754778099589647, 0.00049985792545575, 0.0010849314824203005, 0.023443541513788264, 0.0007286120478574312, 0.0004930500023388421, 0.002728268583203115, 0.0007546950033147988, 0.0015816558576504914, 0.0001996887220945768, 0.0038544470616827062, 0.0038482646239897072, 0.0005165310294191241], "u": [0.006426584126845079, 0.002116929739719857, 0.001192992416641605, 0.0009743847901311744, 0.0009334146726917268, 0.0009082980291563475, 0.0008897781416769342, 0.0009024679282044865, 0.0009244052522340883, 0.0009057506065632328, 0.0009104522404131889, 0.0009073730055502679, 0.0009109382654270219, 0.0009590253206041888, 0.000904223603960666, 0.0008971155084062135, 0.000896185366765515, 0.0008947918453727462, 0.000880213229831786, 0.0008849899831203415, 0.0009197630152322774, 0.0008747720160719037, 0.0009144305421365798, 0.0008751969378557767, 0.0008374184937408691, 0.0008989390145251456, 0.0008774031584737761, 0.0008760155229586018, 0.000841370557724053, 0.0008399454920943626, 0.0008436101929764425, 0.0007906722508292343, 0.0008156844992763103, 0.0008059881734442511, 0.0007964271854399246, 0.0007873791029212431, 0.0007789420172776681, 0.000771186878981907, 0.000783660426123027, 0.00077274668661995, 0.0007478398665203838, 0.0007573871449588943, 0.0007269787522135151, 0.0007107721342639203, 0.0007136639362906546, 0.0007020258342410636, 0.0007016715119987066, 0.0006954635418999001, 0.0006810114204885238, 0.0006638310837578649, 0.000655539286695578, 0.0006464737784012219, 0.0006434683288379903, 0.0006204727064834009, 0.0006226121307219778, 0.0006252867913367394, 0.0006129473920189664, 0.0005854970006340545, 0.0005989873035729543, 0.00058684029735687, 0.0005886852934736711, 0.0006335641045533268, 0.000565073969135413, 0.0005592615358140618, 0.0005616018887890597, 0.0005379886074950371, 0.000532042560503665, 0.0005266332179804414, 0.0005169380212641842, 0.0005306949230286206, 0.0005057073477248314], "v": [0.009662306083129953, 0.0007721449899235127, 0.0005773656650467944, 0.0005730298189740843, 0.0005418828565590357, 0.0005208659494141944, 0.0005240304957601046, 0.0004989462620693098, 0.000489089162089825, 0.0004693089836449609, 0.00044767165530329255, 0.0004399916087478459, 0.0004344234443310713, 0.00043805905009350186, 0.00043396389307261797, 0.000427901865108804, 0.00042563348153647494, 0.0004192750979797304, 0.0004112679033241448, 0.0004094364138646019, 0.0004079794389227745, 0.00039926982411945736, 0.0004019729431370513, 0.00039583267167348705, 0.00039738599475011484, 0.0003879782598760213, 0.00038745691646005964, 0.00038296214754910204, 0.0003789303602245859, 0.0003707979200867496, 0.0003734191520673871, 0.0003613302871441581, 0.00035684266650621736, 0.000350900393658456, 0.00034490966525850086, 0.00034034530732997395, 0.0003352593090603598, 0.0003294387935032402, 0.0003250174261337374, 0.00032066772064725163, 0.0003119427609939503, 0.0003063166383871325, 0.0003025613279094817, 0.00029502769455754235, 0.0002889708907818774, 0.00028497238320197735, 0.00027790515825756705, 0.00027520302553482427, 0.0002755716927757138, 0.00026163175938903973, 0.00025801009891472903, 0.0002518536885745646, 0.0002459244348881531, 0.00024130659708566628, 0.00023881189169229082, 0.00023150064563544486, 0.00022689107825221117, 0.00022118461188718228, 0.00021866661899482554, 0.00021392876136923266, 0.00020997373728437926, 0.0002065261406197471, 0.00020209295524022746, 0.00019586993172663426, 0.0001901776025773365, 0.00018986151622851782, 0.00018618442574020317, 0.00018123731712429614, 0.00017865631455759825, 0.0001760029994272567, 0.0001720354151801243], "a": [6.681992769544118, 0.01883612469436697, 0.007072218094294969, 0.004670635816849921, 0.0039823651780991455, 0.003379394186302351, 0.0029161846158836254, 0.00258788380168925, 0.002332513007622597, 0.002145674533257975, 0.002007262461572821, 0.0019228667781932968, 0.0018553769699048766, 0.0018039049487675882, 0.001735678421605704, 0.001668536433496125, 0.0016020477880990167, 0.0015413349291659767, 0.0014830206506418935, 0.0014231254631443153, 0.001361612284859784, 0.0013000157773727262, 0.0013597120504355254, 0.001172808261297845, 0.0011058818589495952, 0.0010386750661534134, 0.0009999397749360743, 0.0009350144785381559, 0.0008991723203382192, 0.0008408602715230302, 0.0008136052976525747, 0.0007898207627917122, 0.0007433156208762632, 0.0007230459836910418, 0.0006913241169527739, 0.000667942994886228, 0.0006470667770481811, 0.0006288699794222465, 0.000609963146995498, 0.0006319998295579395, 0.0005696898321832988, 0.0005500884946328352, 0.0005372607304080891, 0.0005156160533800725, 0.0004944134260567776, 0.0004758714645746649, 0.00045820103706177654, 0.0004419182886137732, 0.00042819543062322916, 0.0004161802630553637, 0.0004558135246158429, 0.00038739494514821447, 0.000378522806645299, 0.0004934633943264696, 0.0003781721657680943, 0.00035096745780124433, 0.0003432592285718084, 0.00035173845660656965, 0.0003298708772844948, 0.0003184053028384108, 0.0003173384923128814, 0.00030649679842952634, 0.0003077872958138383, 0.0003216372115288389, 0.0003895858549444735, 0.00027671787359769294, 0.00026738693721204516, 0.0002600306357060613, 0.0002667932813421661, 0.000252900458912372, 0.0002427763571125843],