{"fMC": [38.222158745019954, 0.014926184955919764, 0.0008595323743122274, 0.0006996931846375166, 0.0021585066402400174, 0.0018007092611360064, 0.00162110001786407, 0.0021171896162590965, 0.000639319819741479, 0.0018104838131402224, 0.027199862628047185, 0.0007953881059986817, 0.01375671213003622, 0.003768947395384286, 0.0012071595502927423, 0.0005959206517370637, 0.013505579094401251, 0.0029489290793283897, 0.001113058611159365, 0.001361585239942369, 0.002354868242708702, 0.0009109141679211747, 0.0027088967244152658, 0.0011979024139275082, 0.004459428859475416, 0.000674101791552243, 0.000852391435669553, 0.005779495989329211, 0.0013115049254310168, 0.01959424215804255, 0.0024073534423046236, 0.016881080039913076, 0.04797310371687656, 0.005973140855730342, 0.0005763686178961282, 0.005614842168598241, 0.010572232665556187, 0.0006523153524228006, 0.0004639568373782013, 0.0074514348908042245, 0.001846270038229615, 0.0005706917046089572, 0.0034789905181211896, 0.002209959182653597, 0.0004899859784716598, 0.0007286488071461305, 0.004940670900017878, 0.0007251851961293907, 0.0006461495180162573, 0.006213296963313545, 0.007208182601046662, 0.0009452641605175547, 0.0007037534270626351, 0.0037767390435091415, 0.005340092147899992, 0.001037636088690479, 0.0015766081389648166, 0.0005669565599212007, 0.0004054059779151607, 0.014863049615497973, 0.0025486713996481394, 0.002086568659880749, 0.0005573782151836117, 0.0003875769099184587, 0.004492101105369474, 0.000685265775376804, 0.0011499999990826526, 0.0015515017345348275, 0.0004651668885948703, 0.0031711229623373046, 0.0008086531483164416], "u": [0.020894371669594486, 0.0015798747640048574, 0.0015011139128673434, 0.0012867473491689299, 0.001296528649837663, 0.0012426638203834144, 0.001086410177148693, 0.0010400432163174909, 0.0010393920237635867, 0.0010438080398569942, 0.0010246505257782061, 0.001010696475839008, 0.0009139182544800824, 0.0010115129621814257, 0.0009656345564746393, 0.0009683980424216787, 0.0009569665893380685, 0.0009653546493615468, 0.0009943193303227097, 0.0009633990589428615, 0.0009550620630876702, 0.0009665721013445727, 0.0009537331441584439, 0.000920543354000723, 0.000892800148888902, 0.0009219651213504158, 0.0009198576123049192, 0.000925608733500217, 0.0008830495349204865, 0.0009451325011140977, 0.0008652706062207458, 0.0009232776615179054, 0.0009703770305527532, 0.0008186775464011454, 0.0008346345732323413, 0.0008657813528183305, 0.0008108594249008694, 0.0008270613999358822, 0.0008128711264324328, 0.0007727949443312954, 0.0008169232412153303, 0.0007957735705590575, 0.00079695000916129, 0.0007994345398370283, 0.0007778616602556374, 0.000769797869575512, 0.0008024464249904448, 0.0007559531151714853, 0.0007539213828678511, 0.0007510062186224616, 0.0007849804447875291, 0.000733440470033268, 0.0007345567434484668, 0.0007398581030706693, 0.0006934772363084877, 0.000726592913074474, 0.0006964650318656122, 0.0007080133606043434, 0.0006949574484866732, 0.0006538574283373245, 0.0006848074921117094, 0.0006811373976413385, 0.0006673448599283365, 0.0006691467864156907, 0.0006861424857510465, 0.0006595699344674962, 0.0006451413558143215, 0.0006291525242546965, 0.0006310664979346598, 0.0006198612098219856, 0.0006109776813935755], "v": [0.028003225189064212, 0.0007936794960457764, 0.0006092624452741492, 0.0005762075708313862, 0.0005581373398201975, 0.0005182363382012576, 0.0005058456878490451, 0.00045214238747005436, 0.0004522964937865805, 0.00045191102573197925, 0.00045050641082039125, 0.000444749848587106, 0.0004526889922405609, 0.0004253105066054728, 0.0004271441054504081, 0.00043152675426922076, 0.0004438124109640137, 0.0004407747742857195, 0.0004334463908153119, 0.0004278309197184548, 0.00041613061095685197, 0.000415807880429718, 0.00041810600437973855, 0.00040330146923071755, 0.00039343098487560816, 0.00039148019918783787, 0.0003844779016857638, 0.00038096578457264723, 0.0003738655713921276, 0.00037165559655223267, 0.00036371380244939913, 0.00036883164725601004, 0.00036703885683491, 0.000361329782317094, 0.0003516223360658435, 0.00035107252606130093, 0.0003520128774594994, 0.0003433234704403672, 0.0003405586689230336, 0.0003405988057810972, 0.00033478718689775066, 0.0003333124299920227, 0.00032895394528161003, 0.0003293258405946612, 0.0003255218415133058, 0.00032474163821614164, 0.0003233231913654448, 0.00032182160862814226, 0.0003185893018160788, 0.00031383819691375135, 0.00031722328906251627, 0.000314902859120423, 0.00031035570553496596, 0.0003103821712981987, 0.00030455306619476055, 0.00030737069105202984, 0.00030092964101100997, 0.00030228867625903093, 0.00029981713272343995, 0.000291834529962434, 0.0002925371258963896, 0.00028738011562184, 0.0002890509420124142, 0.0002875905476409054, 0.0002852698678339458, 0.00028289207708658183, 0.00028055251236382893, 0.0002745287058536001, 0.0002760385311208238, 0.000272482244497613, 0.00026892875429373835], "a": [6.753924268083687, 0.02066213550579352, 0.00820114998461128, 0.0059001049986618466, 0.0044019747289908324, 0.003989519491906372, 0.003707388017881012, 0.0034718201599965763, 0.003065330217990398, 0.0027468154410079373, 0.002531781379350538, 0.0024297230844874274, 0.0023512976121231608, 0.0022266721209450078, 0.0021694537728439334, 0.0020168098128152093, 0.0019567656048783623, 0.0018610576349085664, 0.0017717279946454021, 0.0016891863423736907, 0.001615238237095958, 0.001565093751401713, 0.0015309108692233167, 0.0014596822815759278, 0.0014029298935567167, 0.0013416662353676909, 0.0012908240950137025, 0.0012384517664359013, 0.001195747510643652, 0.0011542714022721157, 0.0011091618883078743, 0.0010783191705227508, 0.0010501088145862113, 0.001031798130145471, 0.0009721962339261388, 0.0009517376425048317, 0.0009160475533025183, 0.0008929773526340627, 0.0008646203218798734, 0.0008466566689829441, 0.0008186941275438414, 0.0007884511676409186, 0.0007675728757385169, 0.0007356518991814313, 0.0007086209823389893, 0.0006862684395761997, 0.0006681797194351085, 0.0006435895800244945, 0.0006245492267400811, 0.0006099016448328952, 0.0005866947653697758, 0.0005707466737627107, 0.0005509055106356769, 0.000533724970873704, 0.0005173233025555794, 0.0005072341297571106, 0.00048762529384299664, 0.00047726049911069084, 0.0004620949964117688, 0.00045187022793711606, 0.00043910455885004247, 0.0004279663853332027, 0.0004153962443788145, 0.00040589998555888714, 0.00040041147101021443, 0.00038793725757110624, 0.0003808855831456252, 0.0003846293083774898, 0.00036677865025984543, 0.00036058960956664805, 0.0003623780229362941],