{"fMC": [9.894297599038094, 0.0011505963050878498, 0.0050390235965638045, 0.003992606016276749, 0.005914713252728673, 0.005734836374533916, 0.003368905641401069, 0.003085675947595989, 0.0039738503294110454, 0.004072245837598528, 0.002951286741307098, 0.003908137542313959, 0.0024921060771124826, 0.006509115469886592, 0.0040149384375043565, 0.005964375159970312, 0.00532473569898292, 0.001547464363670305, 0.0028216935149030613, 0.0034772121500997724, 0.009432887292602951, 0.012604372021151694, 0.0017056479100738388, 0.006473512300949746, 0.005632805711028207, 0.006535760918998336, 0.002836729565520656, 0.01773069126906083, 0.002877000211930208, 0.0058845539962347725, 0.003878971959018693, 0.004978314595060045, 0.005080643249857864, 0.01024369091843795, 0.0028896855866487503, 0.004672454916142086, 0.0017710418574586897, 0.0038375514827789013, 0.004888146415671957, 0.0031912707888226252, 0.012116330651214788, 0.0020561430099789463, 0.004156957264853164, 0.004614865344703792, 0.0033878846255178756, 0.003582720014168271, 0.004449592435475891, 0.00397155819203292, 0.003675876100988906, 0.007035213810361962, 0.0045335847719592415, 0.003882760198571881, 0.0029680871676734137, 0.003199183177139278, 0.0024626440863397686, 0.005390536300265369, 0.004481468005252042, 0.004001121733868375, 0.001669299976282651, 0.006627113779584024, 0.0018301967909224149, 0.0028709786191240573, 0.004932779507516119, 0.003656913162701881, 0.0043633020103518915, 0.0017247428672244943, 0.00418518926144999, 0.009561812160630326, 0.005596466136200383, 0.006077573306209692, 0.005476699556289009], "fSSA1": [0.33668998327104377, 0.0006944425041801144, 0.0006110557920032491, 0.0006773804610008611, 0.002320169485736276, 0.0007285106683678151, 0.0008349652661075566, 0.0028931132123772335, 0.0008250000584604757, 0.0013036779975033738, 0.0015469749355357702, 0.0012304453328567464, 0.000971321970559945, 0.0006860936091043985, 0.0012810712508228767, 0.0008822473569408685, 0.0015082564282879734, 0.0006834122471117749, 0.000764357903741394, 0.0007180093242846829, 0.0006364398512073769, 0.0010871204304606042, 0.0010290145088775813, 0.0007079483763186378, 0.0009517360150417849, 0.0011733268266620029, 0.0007487494335326466, 0.0006513560831201654, 0.0012824943714482438, 0.000630214353382707, 0.000761766744041202, 0.0012268177804850464, 0.0006026961289132422, 0.0009667699725144992, 0.0011698392601567817, 0.0011900260703419391, 0.0006973663850136404, 0.0009605446724075425, 0.0007895255764883488, 0.0006186912079839145, 0.00097741725701213, 0.000757337590570081, 0.0008065518089915343, 0.0006209144975288272, 0.0005756337266839448, 0.0006290379076485956, 0.0005997420711859297, 0.000582169384639745, 0.0008304772473818925, 0.000827832612085323, 0.0005754280963740301, 0.0006511424738546351, 0.0010257971623499518, 0.0005989832930233364, 0.000552897682405575, 0.000629843997350765, 0.0005635822253235267, 0.0007839578790630454, 0.0004959235584643071, 0.0006024363763482048, 0.000647069609887169, 0.0007009110103633088, 0.0005122200574504464, 0.0006178993187048217, 0.0006562943569890212, 0.000597137119028805, 0.001020758930063423, 0.0007293680986509442, 0.0007820578078926254, 0.0005598813124818225, 0.0011403433674577591], "fSSA2": [0.11699782003072225, 0.002314461503109048, 0.0030517246543737505, 0.0006048603093974934, 0.0016651310660834068, 0.0023127611147917074, 0.0017010427555708345, 0.0016037252918798003, 0.001444660074745478, 0.0021451855957376445, 0.0016822060048866392, 0.0018683189647159912, 0.0014344297358914835, 0.0012343931960347128, 0.0015195938657622283, 0.0016366270327450802, 0.0012780641760408188, 0.0007918987002908229, 0.0008250057917175989, 0.0010407917194819162, 0.0011961008152528083, 0.0021926405818354804, 0.0007921947992207957, 0.0010579043412583633, 0.001244416150173863, 0.001293141264896093, 0.0008385769086982156, 0.0015774270513951973, 0.0009169412088163338, 0.0008512069630650076, 0.0009488096397819785, 0.0010779437092380865, 0.0009940221509870304, 0.0015377879481516697, 0.0009408194997459994, 0.001050083581806037, 0.0007361931621249604, 0.00088384396877769, 0.0010931720730380644, 0.0007227189360623724, 0.0018121256763066547, 0.0006614532516260905, 0.000972684402177911, 0.0010165179982364288, 0.0007165499795467852, 0.0008390159321226413, 0.000871523116416392, 0.0008818764374611799, 0.0009098120069289011, 0.0012802184002976157, 0.0007958276793731774, 0.0010432361549611157, 0.000894017685548296, 0.000872337432799833, 0.0007068817950662159, 0.0010038950628157783, 0.0008459369047588895, 0.0008862646826428824, 0.0005847457312524911, 0.0010548161692563614, 0.0007136629751560299, 0.000834274469390168, 0.0007459501422694329, 0.000964811601634349, 0.0009307560807952943, 0.0006439226183871722, 0.0008814576241548378, 0.0013661671536220074, 0.0012114640543712013, 0.0006686365883492313, 0.0011529927580367734], "u": [0.00847147830348626, 0.0009811773852600215, 0.0008428743869789826, 0.0008081136428901149, 0.0007772069415129066, 0.000729049351495047, 0.0006696741197849599, 0.0006186561418012778, 0.0006124269198880325, 0.000556930597743115, 0.0005133928598884182, 0.0004864200882077454, 0.0004703244491979921, 0.00044217884650282, 0.00039508605083665477, 0.0003500887613520787, 0.0003060785952947159, 0.00026629188569790894, 0.00023717840706397286, 0.0002184688014104599, 0.00020744861706257099, 0.0001961540989428992, 0.00018438472924335188, 0.00017977768915138404, 0.00016714868408039985, 0.00015532640074327213, 0.00015029184843112724, 0.0001456726222726358, 0.0001298120614614959, 0.00013269633968042205, 0.0001236215322302018, 0.00011606794243272181, 0.00011804098948067799, 0.00011403082526853582, 0.00010613270042872776, 0.00010274668392859869, 0.00010110578082391522, 9.631552192202477e-05, 9.47155859541915e-05, 9.832814405186841e-05, 9.134480270303934e-05, 9.081577162500241e-05, 8.711675089953465e-05, 8.828665430006813e-05, 9.016469997342196e-05, 8.753561161690092e-05, 8.868303556338484e-05, 8.57280273222499e-05, 8.526677703826989e-05, 8.354589025352312e-05, 8.63601881389735e-05, 8.312867178822445e-05, 8.109039985111194e-05, 8.312783840845862e-05, 8.19585046105489e-05, 7.959731439120646e-05, 8.10378796036073e-05, 7.764333358923016e-05, 7.988589175222473e-05, 7.973708606272156e-05, 7.671950209189005e-05, 7.66688563809158e-05, 7.98091725629652e-05, 7.612779523559025e-05, 7.764989972811073e-05, 7.542434488891876e-05, 7.267587921461544e-05, 7.553207390118183e-05, 7.30149902560276e-05, 7.822593207320118e-05, 7.15594463921307e-05],