{"fSSA1": [0.25731927651360204, 0.0013598452906360156, 0.0003532849658678392, 0.0011339470319864143, 0.0008726312604724182, 0.00068330510488177, 0.002707204897532173, 0.0011261326615355928, 0.0022599328052855905, 0.0017994715340019737, 0.0012794394104400238, 0.0008807179353312504, 0.001624109121264336, 0.0008454404812879529, 0.0010661127221039965, 0.0007530342291784756, 0.0010272242694927772, 0.0006927273063402858, 0.000914393039690501, 0.0007513741737732662, 0.0006687783639023906, 0.0009029267477821667, 0.0010895959805798734, 0.0016310594620711665, 0.0007331234353456952, 0.0005274088549684349, 0.0005378324041398122, 0.001114911117418754, 0.000846086207098329, 0.0006784961315344014, 0.0005820053093155603, 0.0005439462194792446, 0.0005503210706490982, 0.000553037258800539, 0.0007543212876040499, 0.0005822865699878086, 0.0006562665038052854, 0.0005926647792556896, 0.000559406153209097, 0.0005829794198229551, 0.0005444923121649488, 0.0007025934039110688, 0.000604585568051805, 0.000679990061377488, 0.0005075075044980332, 0.0005338892906500285, 0.0005260985660354556, 0.0005090016764128567, 0.0009915845373209445, 0.0005147821669083101, 0.0004854178021497447, 0.0006028030848187645, 0.00047074181146247756, 0.00048713989506938887, 0.000433962685352945, 0.0004593160485454802, 0.000422025406960151, 0.0005191881873641403, 0.00047562186493101084, 0.00045614237081741024, 0.0003897082343302807, 0.0004853475244392173, 0.0005229095150959357, 0.00045620540653941547, 0.00041888180574975426, 0.0004989080690877554, 0.0003803634725050514, 0.0003590475517824709, 0.0004152378651093012, 0.00036210554757124566, 0.000321836807395454], "fSSA2": [0.2287425836103171, 0.0005329097665088984, 0.00042944708754320354, 0.0008175775920103459, 0.0020992072846761018, 0.0006473114542209902, 0.0005566772994713787, 0.0012880903362931, 0.002395501615344481, 0.004016837672015066, 0.001122238991316624, 0.001343282720636238, 0.0010773099233952624, 0.0005382943817611085, 0.0006108270179839623, 0.0014276054629314932, 0.0018007369820541473, 0.0005348498417630636, 0.0005595476446302493, 0.0005748293190276678, 0.0009359616832042635, 0.0004919169470787906, 0.0009981554891210687, 0.0008578834671362849, 0.0006194154610000498, 0.0005023252285155823, 0.0004926386650193606, 0.0011280194247161072, 0.0008334870070234961, 0.0005061946529361738, 0.0004916865536715557, 0.0006912196968106365, 0.0005613163768848928, 0.0006961902578866294, 0.0004946189722719166, 0.0008028260748880931, 0.0005988116787541556, 0.00047842360997979395, 0.00044762657177105044, 0.0005547088790285994, 0.0008038167182328927, 0.0005270094986025204, 0.0005063825464392442, 0.0004282315667659915, 0.00044509255160802045, 0.00045144223322842966, 0.0004981366142818134, 0.0004069568315441135, 0.00046384027483398714, 0.00044335741497129915, 0.0005378825915265772, 0.000345656070811632, 0.00039748536692855936, 0.0003704817328209201, 0.00035938350491733224, 0.00035665229111326885, 0.00039126953591482545, 0.0004070943338781213, 0.0004421861112168957, 0.00037165110198925436, 0.0006661271769236316, 0.00032545688738671604, 0.0005063489720062294, 0.0003592956665724765, 0.0003790990359250148, 0.00033563256440231713, 0.000394688445465707, 0.0003321337111073464, 0.00047047902923070704, 0.00031894617964206643, 0.0003292067363056354], "u": [0.008981461411929114, 0.00089519868970487, 0.0008817811222192254, 0.0008111642045207742, 0.0006881056908687941, 0.000600424801087712, 0.000491144934967789, 0.0004416756402216176, 0.0003539439421787781, 0.0002574482838975596, 0.00023369267536257475, 0.00020791377081515481, 0.00018348236088743276, 0.00017611696894625313, 0.00017089836813089705, 0.00016715692435315696, 0.0001601825838901815, 0.0001517357383415929, 0.00014603999273364774, 0.00013849351470848496, 0.00013393925456139707, 0.00013131115049357906, 0.0001315499546310857, 0.00013007810164532713, 0.0001228901127862764, 0.00011761987338674215, 0.00011179502471446128, 0.00010830480835797531, 0.000104056558777681, 0.00010097721183123175, 9.832743383318462e-05, 9.465343179752452e-05, 9.222471821279249e-05, 9.272475853361282e-05, 8.85424043046512e-05, 8.722012183331302e-05, 8.486920599097973e-05, 8.374590985945548e-05, 8.049546998933752e-05, 8.274040674645924e-05, 8.07493356588434e-05, 8.03214076136687e-05, 7.626658014191852e-05, 8.052655546398838e-05, 7.50055281627487e-05, 7.471531450368005e-05, 7.029438829413586e-05, 6.940887117520844e-05, 7.200032024471855e-05, 6.918560624473373e-05, 7.083876374098283e-05, 6.917399714470239e-05, 6.708177906111047e-05, 6.596198709125016e-05, 6.511942509347096e-05, 6.544845447727367e-05, 6.441877775650347e-05, 6.448456526627633e-05, 6.392477425935783e-05, 6.429035653360113e-05, 6.0958184891368507e-05, 6.175819501511993e-05, 5.9476473734508576e-05, 6.161966187929305e-05, 6.0303744868012785e-05, 5.922511862434654e-05, 5.965606223311246e-05, 5.7768360734393596e-05, 5.796501481881577e-05, 5.8349648385792166e-05, 5.5894152288697065e-05], "v": [0.00444864123997937, 0.0006635405766363363, 0.000685545642546019, 0.0007081060750258215, 0.0006581932794995261, 0.0006195833929364882, 0.0005691534648620223, 0.00043169196481991764, 0.00037304770794584094, 0.00035049248145130145, 0.00032811631882756557, 0.0003103620302903059, 0.0002894596522394692, 0.0002798093810214964, 0.0002679023046369267, 0.0002625684921966293, 0.00024513177529054085, 0.00021728116047561315, 0.00020303825919429136, 0.00019309742300583393, 0.00018142428811971818, 0.00017261582365399135, 0.00016779186470371337, 0.00016553314014712444, 0.0001591847382244519, 0.00015868896563729217, 0.00015866545072312403, 0.00016499598433049713, 0.0001602665920206556, 0.0001513414991284803, 0.00014688674756439533, 0.00014268945799193007, 0.00013347259687798788, 0.00013182756037489378, 0.00012632942218550937, 0.0001258330276985241, 0.00011932146126214028, 0.00011748480480467114, 0.0001186386931761187, 0.0001211243029343793, 0.00011614192715374218, 0.00011360657261033477, 0.0001122873027836451, 0.00011060333562033367, 0.00010774187020533152, 0.00010355017698434441, 0.00010183395784362073, 0.0001003080616262037, 0.00010012259098931098, 9.669592714836623e-05, 9.53126650183155e-05, 9.468652538176223e-05, 9.426132392845734e-05, 9.228247610962668e-05, 9.143240758527925e-05, 9.111908856552329e-05, 9.065810790229815e-05, 8.846305060706197e-05, 8.774221606643417e-05, 8.617603864587026e-05, 8.474692594129634e-05, 8.514962119302076e-05, 8.623369051990894e-05, 8.3038314958551e-05, 8.062588040090721e-05, 7.937818845097783e-05, 7.815472625479338e-05, 7.820446822291659e-05, 7.796025138195409e-05, 7.520815234519797e-05, 7.385230309753761e-05],