{"fMC": [27.717729888593095, 0.0004743353747260128, 0.004736428904700649, 0.0011256190556310816, 0.0006972990119668768, 0.0012054261194016237, 0.000749886672356072, 0.0006696942835501054, 0.0009057816969581788, 0.0019817929524255894, 0.001502840743547105, 0.0005587748918278676, 0.0007003227732873614, 0.0009036016647911245, 0.0005211968298445483, 0.0008386935838435485, 0.0006289531126184971, 0.0017890881201226142, 0.00043872570339742635, 0.0005632261657235412, 0.0006720521889990285, 0.0016926787007530573, 0.0005396072290862988, 0.00042813035414828967, 0.0006069568623003896, 0.0006615838738526788, 0.0004502195419003285, 0.0008494762313820707, 0.00041171882157438214, 0.0005010018899605409, 0.00030266619630899564, 0.0003980257034812786, 0.0003896636342413178, 0.00037832053729818297, 0.00031195323766762697, 0.00046973134810147417, 0.0005289443864036008, 0.00047323635121598276, 0.0006219129934294711, 0.0003029637099494775, 0.0005717502816371663, 0.0004332266745320996, 0.00041483638554924793, 0.0007546739256634672, 0.0010137973971586108, 0.00044147677222145323, 0.0004690520626050631, 0.00023208945112257272, 0.000380189953401599, 0.00039813569097947257, 0.0005749402340289693, 0.0003489170964830507, 0.0003109274210412501, 0.0005595210829067287, 0.0004474856054612453, 0.0005108604600363824, 0.0003120317065515014, 0.00031135778911708375, 0.0003630102526763145, 0.00021696902705401047, 0.0002686208925589129, 0.00038766760891867076, 0.00027598728475090656, 0.0003625361714074074, 0.0004094909684741175, 0.00037115399895705406, 0.0003346380033407525, 0.0003402973928590912, 0.0004440095408010747, 0.0002649982926455048, 0.00038946080308645877], "fSSA1": [0.6095969707543946, 0.0013693692383517678, 0.0008044253434778319, 0.0005329473006722704, 0.0014732038884646055, 0.00035092653681647777, 0.0001420882973178674, 0.00019325369590973224, 0.00020688977145326282, 0.0002640970259569924, 0.00030239516341745525, 0.000289517306364715, 0.0002326293224297762, 0.00021604987482640682, 0.00020455594559682373, 0.00023169867224267398, 0.000170103572661102, 0.0001592386694491627, 0.00016059925639471992, 0.00019254897606535572, 0.00015834572880401679, 0.0001576609566001196, 0.00013857322666909865, 0.00014133299541514724, 0.0001270195892976013, 0.0001235756431932238, 0.00012240216368218412, 0.00012744702464422046, 0.00013085491987436244, 0.00013964982687167117, 0.00012491912478961538, 0.00013116754792834244, 0.00010090547938729173, 0.00011025913364655985, 9.718139739581904e-05, 0.00011470263249580306, 0.00010527775330258397, 0.00012793671378049363, 0.00012903563080492137, 9.367815526082925e-05, 0.00010198282399305205, 8.847839394505437e-05, 0.0001008937388718957, 9.212493738525138e-05, 9.459542954206634e-05, 9.596798792112686e-05, 8.522780967275544e-05, 7.650568965688499e-05, 7.502449505573952e-05, 7.653235394616444e-05, 8.110850256199694e-05, 7.702995797764319e-05, 7.473086705264488e-05, 7.686751248069256e-05, 7.774886173178885e-05, 6.944463253084885e-05, 7.87780554035124e-05, 8.3984904686774e-05, 7.208331309747661e-05, 7.45629712934126e-05, 6.747460373563551e-05, 6.650139356238513e-05, 7.795042111099347e-05, 6.301432940546894e-05, 7.261842449191331e-05, 6.50280416100944e-05, 7.006436881364079e-05, 6.761563576268158e-05, 6.177830040023557e-05, 6.234531246988962e-05, 6.24283216136435e-05], "fSSA2": [0.6930894632686424, 0.0004601214480913039, 0.0004229863127305131, 0.0003876155852177514, 0.0011811518973881387, 0.0014624594734057074, 0.0004912610134198449, 0.0003131555120233677, 0.00024802456526073975, 0.00029632171746722983, 0.00022475314109869234, 0.00027779830372826633, 0.00034541472380171084, 0.00019112862826755914, 0.00018290012430942191, 0.00021220931926202604, 0.000154888394644707, 0.00020325776627295967, 0.0002244349827784788, 0.00014222489167424934, 0.00016091711005646354, 0.00014530950326525368, 0.00014457517320293223, 0.00013310726297854967, 0.00013170781586980014, 0.00012161187298117625, 0.00013566865856416582, 0.0001376882529220161, 0.00011650305234918611, 0.00014274496758212034, 0.00012217180967715442, 0.00011250316690666948, 0.00012808673770287136, 0.00012649108574988075, 0.00010710211730482504, 0.00012108543027105255, 0.0001266331550640132, 0.0001311931427637935, 0.00012191919084427118, 8.937907251010069e-05, 0.0001180318682829873, 8.360006208407943e-05, 9.29449368691156e-05, 0.00011324790225230722, 0.00012048396404008857, 0.00010348819505868975, 8.355051072688016e-05, 7.677702314640515e-05, 8.621965889209397e-05, 0.00010488627493646709, 8.247765307516727e-05, 7.000443893194662e-05, 9.935646693410242e-05, 7.26960821187285e-05, 7.153853642748895e-05, 7.668788708198237e-05, 7.504636882036655e-05, 7.25267951128412e-05, 7.764894364328662e-05, 7.484254935128572e-05, 7.14803170854014e-05, 7.675450368992749e-05, 7.292875084627483e-05, 7.368541475877268e-05, 7.96222921306127e-05, 8.384457180138702e-05, 7.414304942784383e-05, 9.717722489389826e-05, 7.292514672876965e-05, 7.308031546838764e-05, 7.257143378108404e-05], "u": [0.023881954133376463, 0.0002171889436508962, 0.00018503565419149254, 0.0001706132210841748, 0.00017373978780185116, 0.00015613281916342133, 0.00014141679416171897, 0.00012478147979925135, 0.00011638654549702154, 0.00010328221567473293, 9.377424867653267e-05, 8.742019408979591e-05, 8.442809047144187e-05, 8.118778921571084e-05, 7.430596261985071e-05, 6.7363491566185e-05, 6.233724656206175e-05, 5.781445635300954e-05, 5.745410988248075e-05, 5.4615175085525984e-05, 5.38001254685611e-05, 5.244418127906166e-05, 5.1177751252264466e-05, 4.7748151455931744e-05, 4.179911217420825e-05, 3.6109724140208066e-05, 3.211158374207113e-05, 2.812149367983491e-05, 2.4800729429991167e-05, 2.1591540853047743e-05, 1.958824315272312e-05, 1.764843552764429e-05, 1.639443224405907e-05, 1.4964001831621109e-05, 1.4166886340394295e-05, 1.2977220369390353e-05, 1.2255831861695073e-05, 1.203851564774225e-05, 1.1205659493574668e-05, 1.1256925170871058e-05, 1.0975946304800713e-05, 1.1260782697473834e-05, 1.0540209280013894e-05, 1.1167344082871955e-05, 1.055797566059759e-05, 1.0409078093326232e-05, 1.0448636751776613e-05, 1.011784028950402e-05, 1.0240901366894696e-05, 9.865306389893557e-06, 9.898053117782451e-06, 9.819752278393615e-06, 9.662244968380941e-06, 9.551814168400425e-06, 9.664003740131644e-06, 9.683458017207073e-06, 9.371616568761029e-06, 9.185782281467432e-06, 9.366098218004398e-06, 9.190893209810157e-06, 8.879715481439848e-06, 8.652034163496265e-06, 8.665467387506618e-06, 8.805703243211019e-06, 8.271086834869848e-06, 8.241301209116346e-06, 8.16885133921965e-06, 8.083465595034688e-06, 7.986873708883192e-06, 7.86295632372267e-06, 7.71124663389221e-06],