{"fMC": [3.3865692688796867, 0.0011060043260476124, 0.00204362651875077, 0.0021718163507064756, 0.001748344045068969, 0.007636183019031309, 0.003193201520673682, 0.0028562421110657913, 0.0017391623251166838, 0.00199011450425248, 0.004237181331281175, 0.004114248397772311, 0.0021873983323283538, 0.005206286207125796, 0.00817137235542877, 0.010037954479586268, 0.003796491951302824, 0.004899496749509741, 0.003901082271106517, 0.00875020732961344, 0.017825015494618235, 0.004454232548390313, 0.003068966679201129, 0.0031113620882377855, 0.006446441869406656, 0.011950956025988467, 0.0026792705792323523, 0.0046843686381678054, 0.0030702925755033412, 0.0035763695542581097, 0.0035446352565442723, 0.002015177071502897, 0.002213725510006617, 0.004121667281497525, 0.0033802010337926503, 0.006538128671804693, 0.0030736682976880317, 0.0030287641024527067, 0.007811127625369592, 0.002565010063888326, 0.004624445563905684, 0.0019453550771642606, 0.008051687855241048, 0.0020756103725553393, 0.0018422379155090044, 0.00170419852058053, 0.002761671588640541, 0.004209546310327032, 0.0037852457023604064, 0.005209088681635709, 0.002034089022633004, 0.0026803002416414725, 0.0037878358854657014, 0.0023210494838115147, 0.002685501866696891, 0.0020340222322180706, 0.003239396708127301, 0.0024809104704986524, 0.0017123751237334988, 0.002437106919262681, 0.0054022864029406046, 0.0015456746442568854, 0.002073165089517621, 0.002188013150048289, 0.0022204832111011705, 0.0027667506220288756, 0.004140289756707615, 0.0035782664050379295, 0.0022683028306656667, 0.0032849855332979052, 0.0028217860071620394], "fSSA1": [0.8368673164723137, 0.001653481238467978, 0.0009921891515528394, 0.0007447004467142982, 0.0005107735369184605, 0.002427623182018395, 0.00042485795017648643, 0.0006707455683133619, 0.001033407821019464, 0.0007319480099916971, 0.003629094530912763, 0.0010563737275342494, 0.0008117570751399863, 0.0019105625811914272, 0.0017831469534147393, 0.0006428172718286563, 0.0019195518285154375, 0.0006786602075025927, 0.0006438469741364428, 0.001489128452797829, 0.0016889714873422313, 0.001830686331832055, 0.0010473450945598373, 0.0008625971856034739, 0.001115587950298314, 0.0005717354356593737, 0.0006630557399895603, 0.001154417308140144, 0.001264872850187871, 0.0012925981516230456, 0.0007476977374371042, 0.0007627749460409974, 0.0010375572236684403, 0.0012857551435152218, 0.0005896425735584422, 0.0007058756032097502, 0.0006293515794365879, 0.0006347016918278925, 0.0005787119399110053, 0.0005468982304659053, 0.000813713509661324, 0.0005639676565643446, 0.0008126750797991325, 0.0007474805651980436, 0.0007871772969170048, 0.0008170044094267908, 0.000706145808880634, 0.0012023401917798978, 0.0008174907379411445, 0.0012445137259998666, 0.0008565496624731924, 0.00048831405442407, 0.0005186011872770163, 0.001120667440320504, 0.0007133967837688637, 0.0004975237912130461, 0.0005377185120080358, 0.00050373290643021, 0.0005319915918453886, 0.0006381660964553849, 0.0005469886737720192, 0.0007038845408600034, 0.0005021524648706731, 0.0005598880851530188, 0.0005020169658214652, 0.0008058160047551735, 0.0008193031038031701, 0.0007048523426156495, 0.001261769609927849, 0.000976166743192069, 0.0006615434067911397], "fSSA2": [0.29937028651524156, 0.0025694846943619663, 0.002090196140171738, 0.00187879073805675, 0.0011151338154940737, 0.0028589047861824466, 0.001198713676396367, 0.0015503049650091307, 0.0012786045697729819, 0.0010652401832522936, 0.0014377048995360404, 0.001161820978639499, 0.001145511255324025, 0.0017393279565825755, 0.0013318317132133576, 0.0014288143999343541, 0.0009712710125421698, 0.001118810905160359, 0.0009598276687716183, 0.0016007902983826536, 0.002564847590361579, 0.0008929414399660145, 0.0008893959077680545, 0.0010087755862041331, 0.001427999293436681, 0.0013108068661475763, 0.0007784003695387802, 0.0010256843634181346, 0.0008319661737965652, 0.0008730480612315688, 0.0008128180985417496, 0.0007288077603132135, 0.0007617525777974374, 0.00100384258161326, 0.0008783822477571348, 0.0011807652996756836, 0.000708219463676657, 0.0006732676782393327, 0.0009050308741514954, 0.0007634687354894948, 0.0008394206904085523, 0.0006558642502449305, 0.0013758166170762809, 0.0006626223132303683, 0.000644505361180365, 0.0007107512432995039, 0.000696480491931058, 0.0009857105284503131, 0.0008904147848642581, 0.0009337565172194388, 0.0006410285040585143, 0.000744559884004134, 0.0008553315671461474, 0.0007360158598696829, 0.0007142230525137179, 0.000652323681414296, 0.0007267721892844605, 0.0006932113091986944, 0.0006069536904184083, 0.000661681161484207, 0.0007979822186871963, 0.0007109391799700548, 0.0006552442588404142, 0.0007327248778524382, 0.0006609545943080375, 0.0007404727249774544, 0.0009664775251369038, 0.0008275723605778784, 0.0006588343350523788, 0.0008255251304758742, 0.0008050114023761374], "u": [0.014104169972673166, 0.0010389814247362403, 0.0009081824716242457, 0.00085109546026163, 0.0007936504206421873, 0.0007290739124148838, 0.0006884208858458171, 0.0006443768690431992, 0.0005731303942418493, 0.0005483756971930847, 0.0005164635876458236, 0.00048797105759061887, 0.00046394944741043353, 0.0004065439564166929, 0.0003760294686554736, 0.0003549569494695686, 0.00032214153117715106, 0.0003104718357282316, 0.0002871968332504964, 0.00026580178622166375, 0.00025122425011281526, 0.00023529766054664267, 0.00022373320222841825, 0.0002096117529944382, 0.00019302586742079339, 0.00018847604899534286, 0.0001776877734408581, 0.00016745938819915054, 0.00016169240109540473, 0.00015384514266367656, 0.0001487061365444752, 0.00014440701741520918, 0.00013744309263849925, 0.00013318615481677052, 0.00013138820745279726, 0.00012875800088631414, 0.00012418040719687986, 0.00012128566003783254, 0.00011963614259746021, 0.0001149622316793978, 0.00011011668846132533, 0.0001111111612081943, 0.00010801828202978372, 0.00010482857449509488, 0.00010146889220734941, 9.941308369042286e-05, 9.701629754293884e-05, 9.498909968132288e-05, 9.271366021705649e-05, 9.140143964277741e-05, 9.019241328319015e-05, 9.149575649014352e-05, 8.891614392809763e-05, 8.764178076231512e-05, 8.853147003179004e-05, 8.622926359708172e-05, 8.399299465279478e-05, 8.263811092307986e-05, 8.070122823752653e-05, 8.057177864748729e-05, 8.017468017704191e-05, 7.452394098611867e-05, 7.308982420796558e-05, 7.409316545934827e-05, 7.100466055206262e-05, 6.765490645854482e-05, 6.643443533595735e-05, 6.532049317616799e-05, 6.488971673494115e-05, 6.446507625347097e-05, 6.322834277522766e-05],