{"fMC": [1.5038520230253778, 0.0013685563650316843, 0.0014629094060720886, 0.00168544207620697, 0.0020047809771259685, 0.003946934224474299, 0.0022136168426679335, 0.0026097416926492215, 0.0016661867298144754, 0.005151729498859369, 0.004870606079751392, 0.0024316667732982057, 0.0018342249236146324, 0.0034484943285952954, 0.002179104293820945, 0.0032555954692292453, 0.0019210063096987012, 0.0023885235309501276, 0.0011340641049247507, 0.0020016651516523323, 0.0015037961286048366, 0.0026488456978294686, 0.001024887398353765, 0.002133955918500215, 0.0013223490893995043, 0.0006164344621318792, 0.0016005560250431372, 0.0008938218241205223, 0.0006260639950752927, 0.0016868300704029689, 0.0008437309450662627, 0.0011217732256859393, 0.001155111755123143, 0.0037436723554754637, 0.0019214763625408627, 0.0013725052650500294, 0.0008804393621799028, 0.0009155573285935828, 0.0008854858559678066, 0.0007776965492400062, 0.0006964794984807629, 0.0012548622751906327, 0.0013802162540265278, 0.0008729748446029376, 0.001674117179051321, 0.002168176949872824, 0.0011662190589917009, 0.0007457135747531834, 0.0008879936892263341, 0.0013881073334629913, 0.0012261736427228347, 0.0019190405990237563, 0.0014003142825179202, 0.0009896897647089288, 0.0005280707129349676, 0.0010070811136936185, 0.0018060476756448494, 0.0014087652144015338, 0.0006171913494037893, 0.001322095375327912, 0.000987390440681041, 0.0009324666698061484, 0.0005258881088598965, 0.0005264987582342259, 0.0005260500430149632, 0.0006941504777519399, 0.0005786618442509764, 0.0004256883557616944, 0.0007505384965027067, 0.0011418772043837453, 0.0005262668037467131], "fSSA1": [0.4791280220606989, 0.0007141804704548714, 0.0006729986327166397, 0.0005212345737910897, 0.00048561318050073483, 0.00111134692041681, 0.0010878460875251206, 0.0008374718085297567, 0.0005141638316292493, 0.0012477936805570691, 0.0004679024282718893, 0.0005771040441742982, 0.0006177894291473685, 0.0005427025182375967, 0.00047885691550860415, 0.0005529225903346506, 0.0004054462063422099, 0.0006149663115243661, 0.0004139866060669322, 0.00037001292523844713, 0.0003143977477508681, 0.00036434518149583905, 0.00027040584430937034, 0.00036252977843939763, 0.0003162013224149163, 0.0003051396047195988, 0.0002928215612725367, 0.00024598354640966244, 0.00029853350109281787, 0.0002948420396323577, 0.0003085468278352278, 0.00023660945414086273, 0.0002950333419529168, 0.0003290650323268351, 0.000229067952825762, 0.0002565597255302426, 0.0002348024243587663, 0.00024636151045099675, 0.0002491338430326375, 0.0002488871539487878, 0.0002462021514422735, 0.00025744653712159334, 0.00020347570565927103, 0.0002518109080736507, 0.00025140019949371927, 0.00019291467864807494, 0.00025260978066568536, 0.00021623921885763917, 0.000202603697465194, 0.0002320605018545268, 0.0002426185779336405, 0.00021494313755279234, 0.0002058936065939126, 0.0001746380785460561, 0.0002164791125137928, 0.0002055823902352679, 0.00017906955412784836, 0.0002053575574856507, 0.00016348962654337272, 0.00019665718927020155, 0.0001914855652285612, 0.0001523054944565437, 0.0001760827133279124, 0.0001548159295858598, 0.00017825597026722178, 0.00017984407685295498, 0.0001802288566196574, 0.00014648224893822433, 0.00015857527315193262, 0.00016991668825665874, 0.0001536684000656528], "fSSA2": [0.4695732743411482, 0.0018380650877724476, 0.001232541033960975, 0.0006188289551955267, 0.0005047506523146582, 0.0015169361745024667, 0.0009536450139100049, 0.0009647924768020716, 0.00045981753115214284, 0.0007803606769218079, 0.0019972211367399522, 0.0004670852034751214, 0.000566626939652221, 0.001757445223703819, 0.00042164348967220017, 0.0006180491697273801, 0.00044316660930290494, 0.0006410947786291368, 0.0004074636705785096, 0.00035148640511308395, 0.0003837203979375492, 0.00044735207221807514, 0.0003040572365945753, 0.0003754894857520637, 0.00033585002768027404, 0.0003087515069235536, 0.00032994119591089394, 0.0002582555531563508, 0.00032575056904525816, 0.00033038395245570026, 0.00027735100572621167, 0.00023943095657041996, 0.0002714177906564297, 0.0004606482851642776, 0.0002784261753394404, 0.0002465731385312312, 0.0003076838436322697, 0.00023279732088108735, 0.00022184404253491316, 0.0001938186571223489, 0.00020040955525383317, 0.0002510813338599061, 0.00020053481719385283, 0.00018665667287498094, 0.0002488872485580041, 0.0002349639523825013, 0.0002156701847432239, 0.00023299808949619444, 0.00024975984651253477, 0.0002319224061322183, 0.00023023584949760707, 0.000287485284768833, 0.0002169697525512699, 0.0002018326648616819, 0.00018134199536609086, 0.00017958188541565984, 0.00020755756343721578, 0.0002486605894238207, 0.000176931426752566, 0.00023033901892713355, 0.00022816285988471618, 0.00016879743600892817, 0.00020052962888463888, 0.00015869803812922325, 0.00016531871323524915, 0.00016062504866123266, 0.00014829450426642355, 0.00013208384872598399, 0.00017263300905439864, 0.0002261896567677342, 0.00015683503318885306], "u": [0.026558408789133917, 0.0008250998676545134, 0.0008146695259374829, 0.0007407495175238241, 0.0006025588392345804, 0.00045550101274287303, 0.0003302457588220609, 0.0002654352908961275, 0.00024021055092369342, 0.0002233334994116506, 0.0001579852715991503, 0.00011257179541519958, 7.614154282014132e-05, 6.202898159363238e-05, 5.398517270095921e-05, 4.9894710071957315e-05, 4.665179716880504e-05, 4.3619749840582045e-05, 3.9312445932365706e-05, 3.6022097656769514e-05, 3.361191147734588e-05, 3.120146495020314e-05, 2.863001314016929e-05, 2.8396914402080452e-05, 2.6321477119038408e-05, 2.521461333554604e-05, 2.442343785779308e-05, 2.3601095571594563e-05, 2.4538429677305632e-05, 2.444241489353321e-05, 2.431763359386653e-05, 2.3292232114475284e-05, 2.353128127802237e-05, 2.3016844846569634e-05, 2.1420782702470895e-05, 2.145902227119565e-05, 2.0154911607906238e-05, 1.9758405938192985e-05, 1.9506900821122956e-05, 1.939343236524401e-05, 1.8713022521840253e-05, 1.8742990501862318e-05, 1.810142496912181e-05, 1.808389303798044e-05, 1.7908439803363425e-05, 1.710873807246957e-05, 1.75698843485836e-05, 1.700820128731805e-05, 1.6828750844179758e-05, 1.679866044745458e-05, 1.692832145247207e-05, 1.645070444551955e-05, 1.629487367533154e-05, 1.6151674757514415e-05, 1.629094790542392e-05, 1.634956074982232e-05, 1.5854043783104926e-05, 1.6093094077585362e-05, 1.555047231030881e-05, 1.5972766018323167e-05, 1.5785307411688853e-05, 1.5465050243397908e-05, 1.5607278152398814e-05, 1.5419396487414345e-05, 1.5718011982224797e-05, 1.5806335564541392e-05, 1.5588386511748548e-05, 1.5404716867784298e-05, 1.5444501213770994e-05, 1.551592455264208e-05, 1.542098904980182e-05],