{"fSSA1": [0.03384142069602012, 0.0037711657053597337, 0.0006386459366082093, 0.0008261545751117876, 0.0010424631352576558, 0.0018675985376020998, 0.0011111225875672969, 0.0008489095032611176, 0.0009370934547929086, 0.0009224878072356481, 0.0015597846265830934, 0.0008782495522702458, 0.0009029926636614451, 0.0012155224692509095, 0.0015780544666469621, 0.0014505375871444862, 0.0008761368587610482, 0.0011891773514580855, 0.000731240960681521, 0.0007591559253750215, 0.0007174514269934544, 0.000949416023523388, 0.0008912887741225994, 0.0007075001345447766, 0.0006660330002566762, 0.0008277128204915386, 0.0009582651107220091, 0.0006042200116247204, 0.0007806208726067018, 0.000594611304055736, 0.0006211967182197152, 0.000613316505373318, 0.0006901670420947692, 0.000646058002070112, 0.0005400085382600942, 0.0008005344243206061, 0.0005824352249218433, 0.0007791523464561484, 0.0005453006279753372, 0.0007968384296171985, 0.0005478404427699718, 0.0005092330193253725, 0.0005160766494827216, 0.0007712357590093941, 0.0008484046198557473, 0.00045834145570454, 0.0005336317832726424, 0.0005011959953491647, 0.0004132655108306332, 0.0005857898460754932, 0.00044084207806964297, 0.000477266115701585, 0.0005504127801893344, 0.0004236518162487747, 0.0004163910075311406, 0.00037773444238298345, 0.00046578989020750497, 0.00041952057978444294, 0.00036593658556520177, 0.00040266694157423897, 0.00046775853910863065, 0.00038072242373771154, 0.0004266220432578135, 0.000566934005971306, 0.0003863550326045887, 0.00038440223111397875, 0.00039605500108654234, 0.00039909619461829656, 0.00034719337878047734, 0.00035911026293724847, 0.0003247419478217024], "fSSA2": [0.6285027064748528, 0.00035156754296415097, 0.000920485233723513, 0.0004075857677152632, 0.0009100486215097884, 0.0006482555432619124, 0.0018096378936586146, 0.0007817382128980963, 0.001228370356884647, 0.0008573160557129446, 0.0006712679316627832, 0.0007821223758018339, 0.0009688631090038036, 0.0008210169449366797, 0.0007057116951219394, 0.0010991921490483695, 0.0007919988927098576, 0.0010548820236072568, 0.0007087649254678873, 0.001680557315170609, 0.0005045174477827831, 0.0009478437843913113, 0.0006891117481284458, 0.0008583742980653424, 0.0004950484010743855, 0.0007847989454130748, 0.0006996608190728963, 0.00046549149490870625, 0.0005001038738376692, 0.0005637577744563576, 0.000823752286391484, 0.0006818287799080853, 0.0005752813917684196, 0.00045831996395879457, 0.000410217478169706, 0.0004397809570627809, 0.0005664480637741261, 0.0005072434013331063, 0.00042878701477449567, 0.00043626311529545314, 0.00042867187711730087, 0.0004512998901144979, 0.00043029792078792296, 0.00042016936590751595, 0.0004838519276647928, 0.0003807826009968621, 0.0007202733622157852, 0.000556652152634742, 0.0006848510074586336, 0.00041803402300391476, 0.0004899572808555457, 0.0003331196854527995, 0.0005663973664085518, 0.0005283631261061597, 0.00034460143844646185, 0.00038965858215339887, 0.00046100574421313996, 0.0003294978907176558, 0.00046408383394497515, 0.00030485017401117435, 0.00034806663423239844, 0.00035673126321990144, 0.00038220257757911805, 0.0003169562363401208, 0.00042362601498371146, 0.00039169147026778007, 0.0003013912566385349, 0.0003211042259614013, 0.00031837014685170983, 0.00029315238084605367, 0.0003033085002861595], "u": [0.0019984465938128492, 0.0009342956737953344, 0.0008304346222840367, 0.0008068923901437745, 0.0006939091479429693, 0.000557212113200923, 0.0004932772725796964, 0.00047902047816820564, 0.00044990875150923337, 0.0003750603263439203, 0.0003497535874575999, 0.00033016689308350495, 0.0003069658253567728, 0.0002877635435519133, 0.0002671087155835882, 0.00025426655617382727, 0.00024045493945950867, 0.00022757868048503066, 0.00021274829406152236, 0.00019998546244639676, 0.00018092515352217936, 0.00016774985817375804, 0.00014832111630519248, 0.0001415240491011554, 0.00013405630057468324, 0.00013219117469985697, 0.00013160221513423552, 0.0001253902104476151, 0.0001220562319433605, 0.00011785101621458997, 0.00011701457081780894, 0.00011422446213834362, 0.00010990258222079063, 0.0001097563896606112, 0.00010519496576090321, 0.00010449022497169451, 9.836124758740746e-05, 9.543822559682921e-05, 9.098851808436937e-05, 8.86924475566157e-05, 8.59747375731359e-05, 8.280225429354554e-05, 8.034783009603494e-05, 8.107668176990078e-05, 7.809960634678584e-05, 7.528720640935903e-05, 7.484882146977472e-05, 7.673884331702691e-05, 7.29185581184434e-05, 7.137715886649802e-05, 7.015505859591133e-05, 6.986226564620155e-05, 6.73027760869205e-05, 6.80279815424771e-05, 6.724929807637316e-05, 6.587679433645267e-05, 6.583032567322377e-05, 6.454258024600911e-05, 6.402190915137261e-05, 6.384217922467765e-05, 6.367662002397649e-05, 6.214834068942576e-05, 6.162662177496582e-05, 6.313692333319567e-05, 6.258854953824545e-05, 6.317700492039877e-05, 6.211821031934637e-05, 6.0376922737606815e-05, 5.995479240060605e-05, 6.109829994400152e-05, 6.020279895190747e-05], "v": [0.031070852560383302, 0.0005903339198442153, 0.0005944740097228393, 0.0005576737228106481, 0.0005336060943294578, 0.0004768274039956628, 0.00044673442528824495, 0.0004733293583508597, 0.00044638811464301056, 0.0003621431092727898, 0.0003271078723033639, 0.000332583587118622, 0.00031281792435193214, 0.0002817919748762083, 0.000263346156021888, 0.0002475858704805113, 0.0002259425417134008, 0.00022043292762862472, 0.00021987546684330958, 0.00021798339952152872, 0.00021487962799527494, 0.0002138743214926, 0.0002123521181803957, 0.00020452903934107945, 0.00020180567319216802, 0.00020114885657858625, 0.00019853147763926465, 0.00018715491276998587, 0.00018411595266805156, 0.0001773905249732153, 0.00017259089764136274, 0.00016982236486885226, 0.00016453998191290564, 0.00016244185775239275, 0.00015811658426361376, 0.000154957129841041, 0.0001485454164921208, 0.00014725772097508034, 0.00014051697921819493, 0.00013660001744282717, 0.00013436275044642157, 0.0001307892843634253, 0.00012667120422489022, 0.00012480542184294062, 0.0001228636961527155, 0.00012276649139346667, 0.00011965917113486327, 0.00011931210392137733, 0.00011575289054719161, 0.00011572270542925253, 0.00011483180781133148, 0.00011175886040764404, 0.00011262281619183637, 0.0001109509104718868, 0.00011026956176017754, 0.000108779297126549, 0.00010871019494256306, 0.00010890431044703293, 0.00010952526729987472, 0.00010612321357279001, 0.00010602811518577861, 0.00010463150859175787, 0.00010344275810284534, 0.00010241206437690116, 0.00010154755339471289, 0.0001004086051990875, 9.906873119845348e-05, 9.79874090783444e-05, 9.83239203230067e-05, 9.597893350774801e-05, 9.589894947957731e-05],