{"fMC": [13.162519794333857, 0.0012865244270711992, 0.0015937352807101123, 0.0018176103084971533, 0.0019593881370866166, 0.00226265566121232, 0.0019245127460624852, 0.00174660191749253, 0.0018663155442534673, 0.0015033850116754578, 0.0022108340323579337, 0.0009921038984811476, 0.002692980747265478, 0.0011620916082195527, 0.0010558997718789576, 0.0017086390835733332, 0.0016240670456124004, 0.0011088815984713213, 0.0023444237659106075, 0.0010616904521802667, 0.002023524521082445, 0.0010648154283090688, 0.0012716159736840334, 0.001031972902425357, 0.0012007017505382374, 0.0014390751390416937, 0.0014805499810301905, 0.0009522503367706614, 0.001431871820816552, 0.0008638702926033891, 0.0008151856608506447, 0.0012420015058158106, 0.0014315315538746738, 0.001321517686185003, 0.001048034030981189, 0.0012203631067362554, 0.001178682757784455, 0.0013588582675875737, 0.000997997506910626, 0.0007357471129610137, 0.0007492665062638907, 0.0005594711643023381, 0.0007210353084194294, 0.001165996126820682, 0.0005011657883958046, 0.001814436546347922, 0.004226114774613677, 0.00224335248922247, 0.0004370829784506464, 0.0008667594316656229, 0.000977808481338133, 0.0006223356358567324, 0.0007791459189156993, 0.0005236953869118505, 0.000708777952760235, 0.000628078755487604, 0.0005631865097025641, 0.0006702217825715895, 0.0011811935134996945, 0.0008770031152267391, 0.0005148342849978167, 0.001213895743634937, 0.0009388168585694158, 0.0008466663375886887, 0.0012399828678940385, 0.0017217766928173555, 0.0006152561266935264, 0.0005908607690869618, 0.0019030980711880632, 0.0007561018563058177, 0.00045688278835511836], "fSSA1": [0.08915905425907504, 0.0006797504861332235, 0.00032863440303512574, 0.00031356890195830206, 0.001512115494762739, 0.00047863837488629365, 0.0006813809248464099, 0.0008225003581449383, 0.0005115338661886981, 0.0006210675610623447, 0.0006159744560396436, 0.0005250265677805006, 0.0004558149250661084, 0.00042043894736630246, 0.0004915636142745738, 0.0003712192727803425, 0.000473852847242231, 0.00035309470963999003, 0.00045633077598569824, 0.0004089541031009887, 0.00033294928791320285, 0.00034358701899116163, 0.00037912365868205295, 0.00039063607262037454, 0.0003337220065604384, 0.00027630929036215085, 0.0002742636987862328, 0.0003295133807926587, 0.0003569382922040521, 0.0003128137906212223, 0.0002539455547188589, 0.0002718664142150087, 0.00028720035171359384, 0.0002632796233434726, 0.0003062457990050478, 0.0003019615837799876, 0.00019960992829999043, 0.00024129713399281057, 0.0002657501329978465, 0.00026569423458247185, 0.00025760737019411183, 0.00018744514924004445, 0.00024033619693107606, 0.00021031722516853517, 0.00022971357963748944, 0.00019230745053539617, 0.00024035618149946653, 0.00020533147873598258, 0.00021115788201349448, 0.00021183598709588537, 0.000247810694536023, 0.00020916499266727343, 0.0002018514173118558, 0.00019234383025515137, 0.00015506297046731553, 0.00016095235452241033, 0.000150329264810012, 0.0001700501338748175, 0.00020406917654269268, 0.00018916294054634108, 0.0001371017524949102, 0.00016150293448101972, 0.00014303495610782307, 0.00013564393294773175, 0.00018897731921331984, 0.00015297434478060001, 0.00013046836149920008, 0.00014792131493433991, 0.00016051119912177737, 0.00015178487387200478, 0.00015126759154172022], "fSSA2": [0.9324683352050043, 0.0025248102417763174, 0.0014002959918936082, 0.001217278720323346, 0.0016594669865206005, 0.000756349500098304, 0.0009582777263686472, 0.0008180476352841188, 0.0007042899433197373, 0.0006085690852282393, 0.0005593297743992598, 0.0005525779870451844, 0.0004884759451490401, 0.00045702250066454375, 0.0004301251193798221, 0.00043141548101968924, 0.0004375809963902049, 0.00031973101691263456, 0.0005531551137196678, 0.00044824225569161963, 0.0004140995215053793, 0.00033189169165070975, 0.000317009210018741, 0.00033421120356625717, 0.0003042337162132063, 0.00034106454131314874, 0.0002960907679421359, 0.00030272049980805706, 0.00031417039709584363, 0.00029186953907876323, 0.00023730069864691131, 0.0003730083909925389, 0.00030261497773238804, 0.0003274516887965363, 0.00023808554519192708, 0.00023000517626031597, 0.00023743926047885522, 0.0002853462375418502, 0.0002196524655119276, 0.00021702687797310326, 0.00021763710284851347, 0.0001783183429480804, 0.0002078392494527132, 0.00024369979539674014, 0.00019442274737833452, 0.00021670702041398285, 0.0003865092488321901, 0.0003652402456835315, 0.00017419135041762618, 0.00019595817141812406, 0.00019808434271150879, 0.00017179675893127914, 0.00019278075819980438, 0.00017024378700816596, 0.00015478066289911083, 0.00016138931927083528, 0.00015517925246031277, 0.00022648519571747476, 0.00018871898070298282, 0.0001665163508780658, 0.00013773132320780605, 0.00020717262772727306, 0.000177025937362421, 0.0001690556242378601, 0.00017078498520967884, 0.00021656124001514642, 0.00014688517427779413, 0.00017258066865016101, 0.0002654041341365127, 0.00015450161971216893, 0.00015321348036362081], "u": [0.005348867840117827, 0.0009894936300011126, 0.0009573008114083025, 0.0009249486986474386, 0.0009464609433887196, 0.0008509637349827048, 0.0006831367436664281, 0.000507779282427311, 0.00033443975840359965, 0.0002813299343928494, 0.000262250343542684, 0.0002415432417677565, 0.00023043833963293402, 0.00021888020184674433, 0.00019771280483031655, 0.00016375940604011462, 0.00012362287804496995, 9.964660223138671e-05, 8.682536163644713e-05, 7.621765124167284e-05, 6.715234586216777e-05, 6.161873949193461e-05, 5.936365818990822e-05, 5.742658925744033e-05, 5.5038504069801406e-05, 5.376010482228585e-05, 5.22713936777639e-05, 5.12813796665265e-05, 4.962180195677177e-05, 4.8789883411583445e-05, 4.531183990953599e-05, 4.394568920145535e-05, 4.213426560739203e-05, 4.002179812768934e-05, 3.8695463588103765e-05, 3.6807266222025485e-05, 3.496294341736808e-05, 3.370154007162507e-05, 3.3203397337908825e-05, 3.187425633761611e-05, 3.1146019201997444e-05, 2.918799684944531e-05, 2.841896023023221e-05, 2.7419536219919588e-05, 2.6418800643365456e-05, 2.5054189596004882e-05, 2.4802852529730754e-05, 2.3331598047774793e-05, 2.2578701730643767e-05, 2.1216037719337068e-05, 2.1154419469508815e-05, 2.035979852534466e-05, 1.96924866637505e-05, 1.8734279428841336e-05, 1.8461614389836703e-05, 1.786594771053215e-05, 1.785569937217276e-05, 1.7504980830503707e-05, 1.771368633319867e-05, 1.7275386727020277e-05, 1.6683441305147847e-05, 1.627611415656665e-05, 1.6005214150628434e-05, 1.634057468286262e-05, 1.6570561296617576e-05, 1.595823238322983e-05, 1.617636875093573e-05, 1.6319512353579763e-05, 1.6172452901524247e-05, 1.5609107344429707e-05, 1.611947435412962e-05],