{"fSSA1": [0.16135521665612476, 0.0007142404169493228, 0.0009770374338360685, 0.0009780727716786337, 0.003157530087652781, 0.0007605117130006503, 0.0008011194526554882, 0.0013706712338825936, 0.0009754313184220351, 0.0011773572915258256, 0.0009279241749104592, 0.0020906560680349303, 0.0009692131155551663, 0.0008147365943878171, 0.0025681333733281633, 0.001618491248994729, 0.0014279455127844084, 0.0007571453208577244, 0.0010070781483162052, 0.0014119280819366213, 0.0010083450628882086, 0.0011860689763514372, 0.0009737439861945553, 0.002004370874687313, 0.0009559127323632774, 0.0006745201920916091, 0.000753532912317895, 0.0008721215895726047, 0.0009693632268379628, 0.0006089696813321737, 0.0007515285152960928, 0.0006283899434569383, 0.0007667431954411485, 0.0006560827418973067, 0.0009941615992496643, 0.0005988743821439232, 0.0007719753689093691, 0.0005882797548651571, 0.0005666760880561946, 0.0007410500143793406, 0.0006780743713498495, 0.0004926631392803249, 0.0005230682725836728, 0.0005110727392484619, 0.0005851435274824352, 0.0004961263633837806, 0.0005291595192040722, 0.0005239584096845737, 0.000657742159029723, 0.0005879944192198282, 0.0005544624869009374, 0.0005256765680656811, 0.0006228957545982539, 0.0007802307556629089, 0.00044030569126330473, 0.00044325269896741877, 0.0004456154463397202, 0.0005655179765054709, 0.0004094488212880802, 0.0006661033715089247, 0.00042997342551402126, 0.0004480785229749195, 0.0004412538939157198, 0.0005383316031251932, 0.00039419036226873405, 0.00043765965336343466, 0.00040949594088592376, 0.0012761086015505643, 0.0008492660702629143, 0.00039043082469806677, 0.0004238380093066721], "fSSA2": [0.10689901490834408, 0.0011297851787483082, 0.007439635369919983, 0.0005015460560685317, 0.0023215017403791986, 0.0010464028894707537, 0.0005479851551717214, 0.0010912925568071791, 0.0008246694074763721, 0.0013348322750469453, 0.0009125574813574185, 0.0014407634445399815, 0.000813099338740836, 0.0007601916643218749, 0.0007731023763140984, 0.0013913534338831596, 0.0008097396904193999, 0.0009619385398308374, 0.0010098397591967539, 0.000615584822329371, 0.0005612141063699696, 0.0006115721236783733, 0.0011323762717980763, 0.0006395394904437136, 0.00075994824045977, 0.0005699942479102884, 0.000606209589021755, 0.0005363453489270403, 0.0004378221956621575, 0.0005101307705778971, 0.0005183976588356308, 0.0005286234398337398, 0.0006205386624175286, 0.000468966764901047, 0.000441978325249946, 0.0004827716952574735, 0.0005015443506356892, 0.0006445241648314928, 0.0004219896683972004, 0.0007193171972231355, 0.0006822133145233073, 0.00041669623497293454, 0.0004340187764818126, 0.00044548932197395095, 0.00039644381777200795, 0.000547321452827479, 0.0006326700439575018, 0.0005268103611164696, 0.0003793612150649839, 0.00038872853437939904, 0.00037490354367943583, 0.0005085350135382255, 0.00045414196102852106, 0.0008163594549030034, 0.0005305618580072183, 0.000357861643946488, 0.00034453525718826833, 0.0003182331532935403, 0.00040217898000041106, 0.0004285345915251987, 0.0003957121918474513, 0.00037610034520665697, 0.0004009283299166759, 0.0003368993092605599, 0.00039919786967384624, 0.0004477070259512809, 0.0004196705106262559, 0.0006352804329267315, 0.0005169212060423786, 0.0003053934885024695, 0.00039037733496986935], "u": [0.0029136428764527725, 0.0009224321897797179, 0.0009090425995067861, 0.0008769328314324904, 0.0007529739295410069, 0.0006937334921565781, 0.000623930429548276, 0.0005639306541064609, 0.00047364099349399757, 0.00038001507430784583, 0.00031551334101236094, 0.000236938225268616, 0.00020915219314099974, 0.0002120080357379673, 0.00018218726466134373, 0.00017625461512531961, 0.00015667798369244348, 0.0001456266427824176, 0.0001402429777914964, 0.00013920430622437106, 0.00013928312840235413, 0.00014466623324592968, 0.0001473319278348102, 0.00015331053528150476, 0.00014449880672595054, 0.00013391802280903923, 0.0001292801147409669, 0.00012247544089133723, 0.00012615406712731685, 0.00012073591179825245, 0.00011995179275703559, 0.00011740946666617027, 0.00011381258928557737, 0.0001130746308264023, 0.00011536748040365194, 0.00011007307525142591, 0.00010935347279735242, 0.00010391761122576298, 0.00010531819029541404, 0.00010297435192700534, 0.00010275838509217884, 0.00010117371441759835, 9.806806113578906e-05, 9.707497878790557e-05, 9.601472543117052e-05, 9.387188385097882e-05, 9.32027951304951e-05, 9.226562912578291e-05, 9.343752037974019e-05, 9.0572428653399e-05, 8.975152695471111e-05, 9.112815980091757e-05, 8.703372749553173e-05, 8.696968452574883e-05, 8.486177473083878e-05, 8.30199791488206e-05, 8.17100813178714e-05, 8.435712212568986e-05, 8.046570030997274e-05, 8.131806393248512e-05, 7.942280702637764e-05, 7.935220423704252e-05, 7.755419855878707e-05, 7.833451073107192e-05, 7.584776187730791e-05, 7.629870284423349e-05, 7.432316233145244e-05, 8.287951837286703e-05, 7.709206440726763e-05, 7.514598199676345e-05, 7.595820513339868e-05], "v": [0.0010701555420495328, 0.0006120985831492468, 0.0006263726653185335, 0.000606155784736382, 0.0006057205201684279, 0.0005670882531952369, 0.0005742875014962012, 0.00045913654414191974, 0.0003738381395125564, 0.00030548037110736485, 0.0003219551386941441, 0.00038688368816306215, 0.0003497397089040397, 0.0003344236636658861, 0.00032302692707179695, 0.00030999020399157315, 0.00028897645767629474, 0.0002662950909361384, 0.0002398735651426518, 0.00021621535966184565, 0.00019796417812583886, 0.000187024891390102, 0.00018154658490274143, 0.0001744939624847787, 0.00017171202322250156, 0.0001671276523782765, 0.00016213714074831578, 0.00015755950162245713, 0.00015428782736018413, 0.00015274958326201346, 0.0001513629792773619, 0.00014831488590053872, 0.0001488126993911179, 0.00014552098907365382, 0.0001438954883590543, 0.00014263896930174252, 0.00014214266742017256, 0.000141784095743639, 0.0001382870091314271, 0.0001359123876408323, 0.00013415177146621957, 0.0001322487837167369, 0.00013208405643663862, 0.00013028178932447999, 0.00012903394485037892, 0.00012909993806897756, 0.00012710449325180594, 0.00012458765236381567, 0.00012555038261884897, 0.00012327569434758488, 0.00012237925453522164, 0.0001221305822793173, 0.00011929408338977985, 0.00012127963342773876, 0.00011725193206482253, 0.00011626307102448106, 0.00011361719097134318, 0.00011218526868643996, 0.00011151965799522848, 0.00010946353819343508, 0.00010844200303695894, 0.00010798125654103236, 0.00010547972172206063, 0.00010361151802712763, 0.00010208406502548458, 0.00010092677191571855, 0.00010028101609106034, 9.957501351309182e-05, 9.709279596107789e-05, 9.570004343676878e-05, 9.47005419683107e-05],