{"fMC": [0.5124355794669517, 0.0019474825215798598, 0.0016591109759286928, 0.0006618014402610932, 0.0008048551718292178, 0.0018138835794191475, 0.006124273223713353, 0.002602935219507069, 0.0012838296745458096, 0.004540523814699721, 0.0018997341364790162, 0.0035998267491457914, 0.000882502188630325, 0.002128093511257396, 0.004509776304966058, 0.0008706034323219272, 0.002367366211600155, 0.001069761660000101, 0.00114052021581452, 0.0041161270776155605, 0.0021354168586973973, 0.0009466255613318091, 0.0013556364274285922, 0.0036541679070992224, 0.001094986100592562, 0.0009113825535534375, 0.00147540931242818, 0.0030011543096708565, 0.0031516879452375738, 0.000990821698387706, 0.001179861602462119, 0.001239488011025584, 0.0011200097197334574, 0.0010813096517834728, 0.002035128480521183, 0.0011824922475529513, 0.0027610926477979717, 0.0015311241210331193, 0.0013182916202404684, 0.001235299683098697, 0.0006686052846131946, 0.001834907380806215, 0.0008623815096888258, 0.0015748669682237105, 0.0011931578170356403, 0.0008347033999279778, 0.0017945552419535498, 0.0014151755765727404, 0.0007059760290080804, 0.0012251290684197737, 0.001597219515204196, 0.001046655556954925, 0.0006312046766193422, 0.001073474549184923, 0.0009053202972400313, 0.0014681981733291076, 0.000516555093515646, 0.0019220927800617721, 0.0006913394953452123, 0.0007342563763301704, 0.0009426063422874839, 0.0013735441362703864, 0.0009194142023503331, 0.001203743582986856, 0.0015456745666059557, 0.0009030703774245267, 0.0005918338789541599, 0.0027776395939724976, 0.001876729566273861, 0.0023739131789221792, 0.0008679885807086733], "fSSA1": [0.009388535249915689, 0.002301859082490021, 0.0009627168769519569, 0.0006076440293557357, 0.0003005559075208048, 0.0006075532735104152, 0.000844585584565496, 0.0005765019887179295, 0.0005423843217526072, 0.0005248093238200957, 0.0005033012660074436, 0.000633743337343791, 0.0005524858784822107, 0.00045706984460512314, 0.0005229432093151671, 0.0005340955626769255, 0.0004983856287492983, 0.000492053668913469, 0.0004371046422540072, 0.00047172208735735133, 0.0005230456564678557, 0.0003402846110790024, 0.0004385488882750688, 0.00037051477776526285, 0.000360655321691744, 0.00039058480449862855, 0.0004035168654794889, 0.0002655505971113457, 0.0002958542801155017, 0.0002835256782984416, 0.00032043029042382, 0.00024098037410978456, 0.0002746274173529223, 0.00026426404278197447, 0.00023375937099096, 0.00022243907809686126, 0.0002560702159692593, 0.00023463241480362894, 0.0002737743995586937, 0.0002913298246142962, 0.00022269253500123385, 0.00021930435564183133, 0.00021624481882156864, 0.0002148176295802278, 0.00027661423969373936, 0.00022945111181708796, 0.0002074667311975853, 0.00020881375261123036, 0.0002287859166397632, 0.00025151851789045285, 0.0002576521309793632, 0.00024154755338349283, 0.00020256262096777502, 0.0001879986375321039, 0.00023259953420686974, 0.00018246367206123897, 0.00019931327495246803, 0.0001780618652729905, 0.0001928516209221676, 0.0002010381222778594, 0.00016102379969794672, 0.00019983557476602187, 0.00015670023682074386, 0.00017147378373926324, 0.0002163505608769116, 0.00019435556490676666, 0.00016116653371481762, 0.00016096722573047325, 0.00018074774616322678, 0.00015783559750063872, 0.00017257125202362088], "fSSA2": [0.28732868738881395, 0.0014998591541104183, 0.000754566135247694, 0.001949380713558306, 0.0004674632401233254, 0.0009567846626276885, 0.0012043225573444526, 0.00070342138603085, 0.0006183162365072967, 0.0007802100994073276, 0.00047269887139335154, 0.0007667966950373358, 0.0005016053559058392, 0.0004989231588270441, 0.0006760710346433751, 0.0005282774839265819, 0.0006304978198034613, 0.00045830540404125574, 0.00042499191937050794, 0.0006491216516258852, 0.0005269030500378239, 0.0003592563296414481, 0.00042598516592555, 0.0004868777213857312, 0.0003710356290629423, 0.00034309120639679767, 0.000385687460887482, 0.00034224963999936566, 0.00040137701650966057, 0.00039145902257844197, 0.00034052103753174024, 0.00030421678671691937, 0.0002730364545317793, 0.00033258702250655805, 0.00031862665423555963, 0.00026238265779940644, 0.00039379849239034876, 0.00031755717664515943, 0.0002817795089818565, 0.0002661990485887769, 0.00023740090995267503, 0.00027443747913379805, 0.0002445854342608778, 0.0002590978918393799, 0.00022922140769495312, 0.00023151941576483707, 0.00028265790051344996, 0.0003269996836704943, 0.00021652846521698005, 0.00024379498922606893, 0.0002478731491773883, 0.0002447653486550998, 0.00020414383090725958, 0.00024196555010872636, 0.00022192245934150352, 0.0002672424752323645, 0.00021655617313708203, 0.00026503601047753037, 0.0002004703353865131, 0.00019565781606408232, 0.0002279216959902968, 0.0002228262022918516, 0.0002081333120488382, 0.0002501574044910242, 0.00024449306759034557, 0.00019606913156438075, 0.00018480973421078987, 0.00032796010492383223, 0.00023644714047496972, 0.00022470785289961084, 0.00019581030494157767], "u": [0.001865170806509519, 0.001057694786616588, 0.0009664123708489285, 0.0009439670693150255, 0.0008999323701243854, 0.0008660826783047628, 0.0006281328680920875, 0.000471739995428223, 0.0003719485167463071, 0.0002873143073838784, 0.0002398295543317539, 0.00021025425617583897, 0.0001605180840113088, 0.00011990642183377599, 0.00011204409320830209, 0.000105813437457168, 0.00010096866194795984, 9.61773190640063e-05, 8.990621553653213e-05, 8.459190979989313e-05, 8.001165133491675e-05, 7.31207682745657e-05, 6.860376581398167e-05, 6.315540753566206e-05, 6.032251809594195e-05, 5.5228815053080766e-05, 5.31371787896785e-05, 4.851041316081387e-05, 4.714082470407691e-05, 4.474061652732782e-05, 4.297765279076011e-05, 3.8981855320990824e-05, 3.664823336037018e-05, 3.57888593925346e-05, 3.329635502960326e-05, 3.2076548677682175e-05, 3.198340889707714e-05, 3.0759813326966046e-05, 3.074226064228791e-05, 3.048090458343183e-05, 3.0046641647480306e-05, 3.021158724073755e-05, 2.9551876077819785e-05, 2.9385715008838816e-05, 3.0419498234713582e-05, 3.0283276827891832e-05, 3.027169530443341e-05, 3.012257666510471e-05, 3.02680120996899e-05, 3.004953168001542e-05, 3.0264928901973922e-05, 2.9581947142442733e-05, 2.918617667091437e-05, 2.883461161855732e-05, 2.879015255731183e-05, 2.849330706367903e-05, 2.900019154949072e-05, 2.8411588497075554e-05, 2.878307312053985e-05, 2.89504542029132e-05, 2.8242384201037157e-05, 2.8381966712691273e-05, 2.8063575048810496e-05, 2.8085850297792137e-05, 2.8317010346614e-05, 2.8373554832565614e-05, 2.745584605120437e-05, 2.7571538373418604e-05, 2.7553981181737857e-05, 2.703247504133184e-05, 2.7120185855963914e-05],