{"fMC": [1.9866871925935503, 0.0041342745361941996, 0.001413275716257806, 0.0012336758773669328, 0.0011947078782497044, 0.0005088543775073454, 0.00044375103571258224, 0.0012159543974364837, 0.0008006854289218605, 0.0007660814849033497, 0.0008623487630281213, 0.0008841280642644684, 0.0016176377907127072, 0.0009592332444600689, 0.00038394107674555224, 0.0005035270574073774, 0.0006804798812336131, 0.00029348303572535956, 0.0003482602329306942, 0.0006768712296575825, 0.000767559981009735, 0.00042418553480223, 0.0008295225756196549, 0.0009319475818760112, 0.0005313875389817669, 0.0004304501910335896, 0.0006436317165318474, 0.0005261263508520746, 0.0005802996185246738, 0.00031271460307203465, 0.0003095029294904171, 0.0004942514145399406, 0.00045818419923439324, 0.0005691827644993513, 0.00036349998212955394, 0.0005459123662993357, 0.0003924717610683975, 0.0004573314184849109, 0.0003867075753300613, 0.0008404348168096483, 0.00040518892406271, 0.00030250770467245524, 0.00035836961359664234, 0.0003235887358778054, 0.0006719867440345198, 0.0002999832899380695, 0.0004473982968466187, 0.0002588709631795945, 0.0003473173065187377, 0.0004933570920325688, 0.000247289025930075, 0.00034672819218772784, 0.00031980979377991783, 0.00031392885300317785, 0.0004804076446311357, 0.0004016973171910748, 0.0004503700900353934, 0.0003335191843126562, 0.0005671369722481186, 0.0003194175505256389, 0.00045731064514039233, 0.00034408765222061386, 0.00028080633934250064, 0.0002879536403972838, 0.00024426086916178323, 0.0003529779975606565, 0.00038631240023393647, 0.00025555638836146613, 0.0002738218942373034, 0.00028673903419541743, 0.00033727703483284183], "fSSA1": [0.38444238217694315, 0.002006009034622334, 0.0019071099930326927, 0.005220966633990616, 0.0016413829616784392, 0.00047564906524015223, 0.00026358961440753277, 0.000222889981132924, 0.0004599001199523264, 0.00022539134540376627, 0.00023366301576703433, 0.0003077453924061365, 0.0001947793524103651, 0.00032145018148904046, 0.00017843085126939838, 0.00019173891288750365, 0.00018415497703151509, 0.0001821532380362235, 0.00019901196971002386, 0.00018445985106276715, 0.0001846244239324586, 0.0001919094356223738, 0.00021167639111673302, 0.0001630310596899847, 0.00020490376838880014, 0.00017533803127224402, 0.00014828892921449279, 0.00016634522513808315, 0.00014814693596482654, 0.00013074110478877263, 0.00013186739945615655, 0.00015373661718229612, 0.00015663422339273457, 0.00016627724122495388, 0.00012766411675100322, 0.00015148351163959004, 0.00011842780979663876, 0.00012683898296995274, 0.00012315982891964366, 0.00014482603340196162, 0.00011822653727482812, 0.00011188465481119248, 0.00012170004883088086, 0.00013807594948160297, 0.00010844907713674985, 0.00010999031928763077, 0.0001196503727100712, 0.00013687105176441025, 0.0001056704715579848, 0.00011514970089991046, 0.00010485829998737395, 0.00011602873306910964, 9.527227322938063e-05, 0.00012647853834106277, 0.00011379132051838639, 9.296609109722692e-05, 0.00010350677213075303, 9.788010148091837e-05, 0.00010108343800151763, 0.00010483955283848913, 9.395753082891932e-05, 9.8929129709552e-05, 9.495722625685676e-05, 8.55195190248424e-05, 8.283057927203356e-05, 9.400769437483237e-05, 7.911118368942223e-05, 8.995844021343864e-05, 8.702890745185881e-05, 8.61970452315456e-05, 8.558785000094637e-05], "fSSA2": [0.34653142818851546, 0.00042398231121311983, 0.0015413878432053163, 0.0026221077640921015, 0.001161441859892989, 0.0004886093976526339, 0.0004885105343289712, 0.0002463249367664, 0.0010439969200418601, 0.0002607494704669007, 0.0002204522879286641, 0.0003905454862974819, 0.0002162155198301833, 0.00028273406576053274, 0.00018855216199941356, 0.00030566646251992303, 0.00017249879097411491, 0.0001425551705327658, 0.00014307004224370704, 0.00014293209843189997, 0.0001499626812972712, 0.00012358730055437835, 0.00018987377671849517, 0.00016735478594700576, 0.0001777533683001142, 0.00014591735867457032, 0.0001264377735841511, 0.00011660279948973973, 0.00013524432299491371, 0.00013635332003490336, 0.00011653859863268276, 0.00013427946356050948, 0.00011365209384051175, 0.00016001188969904908, 0.00011349799603155422, 0.00016391003952253124, 0.00010454438704541084, 0.00012661914454475365, 0.00012431351201029405, 0.0001288707269434384, 0.00013908917833737252, 9.58951916232307e-05, 0.00012718709328171483, 0.00010841774201106545, 0.00010337327924358258, 9.229847898329913e-05, 0.00010199727065913147, 0.00010098760577674178, 0.00011396417539678326, 0.00013342293382383435, 8.840075206032525e-05, 9.904416247342574e-05, 9.800374490037816e-05, 8.965709506186086e-05, 9.5637772753278e-05, 0.00012253215450073072, 0.0001194030033858784, 8.688508242918763e-05, 9.95151700377278e-05, 9.343737265376635e-05, 9.437326540591271e-05, 8.598343580761262e-05, 9.411770392573783e-05, 9.469616316001718e-05, 7.746709363080453e-05, 8.29087158481216e-05, 7.426595252567274e-05, 8.602265327123342e-05, 7.877622058164653e-05, 9.634757636024185e-05, 0.00011100621843727683], "u": [0.00694497735903267, 0.0002901448656646415, 0.0001912304076178679, 0.00019751856571655077, 0.00015497479923586442, 0.00013387330211062478, 0.0001158875037065916, 9.473541694956585e-05, 8.032197621672117e-05, 7.343709021410341e-05, 6.781102965661507e-05, 6.592660211265587e-05, 6.412018715973843e-05, 6.337035025229806e-05, 6.095164576604146e-05, 6.202211008556059e-05, 6.234184097777505e-05, 6.373959965736739e-05, 6.171983423107232e-05, 5.953516377585353e-05, 5.849702073118519e-05, 5.445705022595421e-05, 5.277737303779937e-05, 5.094568493767925e-05, 4.9061313965980645e-05, 4.7885831943783144e-05, 4.652004775188195e-05, 4.4197149401572985e-05, 4.177065232413554e-05, 3.916276009035825e-05, 3.6832085470722265e-05, 3.358911585088229e-05, 3.18454902383025e-05, 3.0637494926793645e-05, 2.978350664168684e-05, 2.8045714704796633e-05, 2.613529176980439e-05, 2.4646946307100962e-05, 2.288743393898054e-05, 2.1750867435083134e-05, 2.0140822429901048e-05, 1.8779653637931596e-05, 1.767999943929126e-05, 1.634082047793492e-05, 1.5086184595292242e-05, 1.4262633256436441e-05, 1.367839606197536e-05, 1.3563471420663269e-05, 1.3027135165873893e-05, 1.307802262442188e-05, 1.292527030270766e-05, 1.2577997311341374e-05, 1.2880780884857052e-05, 1.2594214417549842e-05, 1.2265446843502816e-05, 1.225185578664619e-05, 1.19192976969402e-05, 1.1452383420062972e-05, 1.1403091829134419e-05, 1.1238509026306269e-05, 1.1035298807987346e-05, 1.0956650136638183e-05, 1.0973796459171508e-05, 1.1031182727467263e-05, 1.0660316380268551e-05, 1.0567438736086719e-05, 1.0736950865028105e-05, 1.0661276054311585e-05, 1.0423547330473021e-05, 1.0509930845341607e-05, 1.0453789854051367e-05],