{"fMC": [4.7350678152006775, 0.0006732245036972526, 0.013551067300779039, 0.010853947861356388, 0.0007718281098854651, 0.0010169929910956682, 0.004484998023208794, 0.005459691666616155, 0.0017835977399207703, 0.018739850044272748, 0.0028909107206508, 0.001152632891649536, 0.001679253734809064, 0.0006560592927473415, 0.0008230171644117869, 0.004794409045900581, 0.0012025741050928358, 0.0008131511062890511, 0.0004894745208202055, 0.0014874646546553642, 0.010878562724213978, 0.00047408856480357566, 0.003718247997502772, 0.0010281050659126068, 0.0030544570568501054, 0.0016538104832728316, 0.0004026201063105836, 0.0014342943732740736, 0.010306548943490517, 0.0020969730810367505, 0.0006498034634621984, 0.0004614492397622707, 0.0012549939504245757, 0.003118940497231077, 0.0005284891039682804, 0.0004427505974021169, 0.0032152174565517255, 0.00031155827775167775, 0.0006543995910707603, 0.0006961274166311635, 0.001154583462642691, 0.0022305434158248465, 0.0038852144631367695, 0.0005022165411927962, 0.0010564110865574833, 0.0002969305088263289, 0.017568928203542823, 0.0007338177665643204, 0.00042901949015362206, 0.00027080480400174856, 0.00955515856977428, 0.01243950043433901, 0.00032598945417076187, 0.0003454778425112803, 0.00048041917723824036, 0.0011767887918242217, 0.001525640782703545, 0.000594104315655244, 0.000264795152935936, 0.0007860437225355257, 0.015947677231506915, 0.002110392154713835, 0.00030295442308454496, 0.0009458923178927433, 0.00023684765262288896, 0.0005403607339690535, 0.0004762995098782023, 0.002182134052201202, 0.000322868130407102, 0.0011345556041257694, 0.0018112430832072214], "u": [0.012974456862280118, 0.0016377147827749017, 0.00140230570008105, 0.0011436450893426492, 0.0009608349544314467, 0.000877235146525433, 0.0008244979828857308, 0.0008169809234732439, 0.0007997652270954557, 0.0008793273201695048, 0.000713129051430535, 0.0007190536166157622, 0.0007347494431629689, 0.0007515556605407268, 0.0007634441605224437, 0.0007293337706258954, 0.0007680457668192894, 0.0007545676678506867, 0.000759736783116991, 0.0007611119646122443, 0.0007243205520298725, 0.00074496958253094, 0.0007346858801791171, 0.0007313069100656623, 0.0007353982088044209, 0.0007155832537605733, 0.0006895662434949194, 0.0006838200150705324, 0.0006335127029908548, 0.0006764233440760415, 0.000657560163753121, 0.0006480337748178833, 0.0006492385180038119, 0.0006221498419385553, 0.0006219784148357579, 0.0006260477277317741, 0.0006249765078170909, 0.0006095614797477331, 0.0005984818272475027, 0.0005914910843825581, 0.0005960764603844023, 0.000570023445718698, 0.0005563033610460891, 0.0005723298742214676, 0.0005684955567185001, 0.0005654432232368114, 0.0005400774128420187, 0.0005598175823851804, 0.00054882207498532, 0.0005486081183298061, 0.0005448027534107275, 0.0005051266001555034, 0.0005389253227996758, 0.0005349787003625683, 0.0005235306994484806, 0.000533992665722487, 0.0005166298294823535, 0.0005102015928622653, 0.000512755351335874, 0.0005012811313220356, 0.0005051766329698241, 0.0005195659109140724, 0.0004963921299550322, 0.0005017398349512287, 0.0004899239581514788, 0.0004816747152729801, 0.0004841109621549178, 0.0004758309377715303, 0.0004763648618288884, 0.0004622538688443752, 0.00048619568259136194], "v": [0.0024961454056074573, 0.0005999383931857131, 0.0006797747878861353, 0.000566292051045088, 0.0005442612299833846, 0.0004933580201951179, 0.0004714296860605254, 0.00046460210490868617, 0.00046742349845226185, 0.0004419434545008107, 0.0004074586030680764, 0.00040061440243205544, 0.0003884919277841421, 0.00037816701380809307, 0.0003670840903066379, 0.0003664233842610177, 0.0003697976751467676, 0.0003723957716181589, 0.00036669192106251656, 0.00036380554933564515, 0.00035072929279469656, 0.00034877538153551814, 0.0003481883196234756, 0.0003377111880927003, 0.0003357727588643214, 0.00032925380090718384, 0.0003256385467769282, 0.00032471521717895223, 0.00032046949462085825, 0.0003174669376801175, 0.00031434975296772, 0.0003150949233168015, 0.0003143845455995564, 0.0003061156999521869, 0.00030535705299286424, 0.00030177477684361265, 0.0003018720684490288, 0.0002945716980627346, 0.0002905902709435648, 0.0002856655065548912, 0.000283837354348085, 0.00027722159930232854, 0.00027345545132304375, 0.0002682296883444916, 0.0002658872220416887, 0.0002588975590191509, 0.0002574205243221731, 0.0002500961776056297, 0.0002466545751554834, 0.00024254588743312803, 0.0002450239701378403, 0.00023754433446999295, 0.00023092444282291828, 0.00022704846394889624, 0.0002229434243509339, 0.00021855291082229097, 0.00021840701387032264, 0.0002129351324595271, 0.00020903818122104236, 0.00020665845898622552, 0.00020422031493382844, 0.00020146898472275365, 0.00019935642020327423, 0.0001980894024584814, 0.00019463633555082973, 0.0001918244087211204, 0.00018913136896454787, 0.00018975674286704443, 0.0001853585436658823, 0.00018367664871123314, 0.00018162275569249132], "a": [6.077455631280314, 0.014040607266772306, 0.008237823347809623, 0.007181609992267955, 0.005470656124221801, 0.005383946663681794, 0.005073631952314394, 0.004653617989016443, 0.004264737304874097, 0.003852137601330966, 0.003424504494799266, 0.003067912165039828, 0.0027539354787875434, 0.0024385928726636686, 0.0021975053702751215, 0.002065139121069146, 0.0019044256135365412, 0.0017790312349079344, 0.001665171062134634, 0.0015581871995442185, 0.0014599251714084462, 0.001365564378977208, 0.0013054836764965396, 0.0012091506737511915, 0.001151120707557094, 0.0010805432203762257, 0.001018180682600147, 0.0009644857581787322, 0.0009231492581923298, 0.0008777000499807531, 0.0008156110550694651, 0.000771065143069751, 0.0007304702049913015, 0.0006855284887153678, 0.0006469112295234517, 0.0006133708121302229, 0.0005851863976057861, 0.0005567655091655084, 0.0005350640000025207, 0.0005069178135388862, 0.0004841159375265117, 0.00047034289332160154, 0.0004485604957670892, 0.00042344927459013427, 0.00041084112858184174, 0.00038765773684671344, 0.0003924012730247083, 0.00035921466625371556, 0.00033917507449476777, 0.00032401729826241315, 0.0003120544472898249, 0.0003088895909973503, 0.0002842782189194907, 0.00027269609470588523, 0.00026396766957384465, 0.00026523171141748985, 0.00024481651189266543, 0.00023592038187737112, 0.0002281381214862678, 0.0002213814859415069, 0.000221628189180612, 0.00021031892511889108, 0.00020383970073843514, 0.00019898852117355585, 0.0001931794009812584, 0.00018891151139769003, 0.00018452706498828152, 0.00019383162512944357, 0.00017542831091945017, 0.00017174894669321988, 0.00016785415148224542],