{"fMC": [0.7485383309864312, 0.00047720550023934015, 0.0006796842486626843, 0.0028576628911333077, 0.0006960670976348624, 0.0006086115480510053, 0.006889478497181877, 0.01772826428832118, 0.020702670244594865, 0.0010997513213367735, 0.0028444422779638125, 0.003978228508285661, 0.0008399339386527459, 0.003166926519014883, 0.0005528396436443539, 0.000780493570582407, 0.013529840444858573, 0.0038167730010138837, 0.0008006284362180643, 0.0005478302355625772, 0.0008278241432268725, 0.02039057320543302, 0.002090364182175469, 0.001218244415872956, 0.0010073101978131823, 0.02006889345209182, 0.007156036442892783, 0.0007525132659819884, 0.001263717273319398, 0.0008419702046765399, 0.00047183177226969825, 0.0013250027405597275, 0.0017581505615559398, 0.0017630636523685889, 0.0010870260184007582, 0.0018695687786292954, 0.0009938757586931796, 0.002181992163054445, 0.0369527631459897, 0.0007228346487991392, 0.002440672242071039, 0.0008443427140276023, 0.0026241378626174912, 0.006448829396085574, 0.0007964330509630736, 0.001810278220293087, 0.0006460157942840541, 0.004602367692376004, 0.0007793998254450218, 0.019462451976114473, 0.003818774042775136, 0.003364841015579866, 0.005192520657225035, 0.0009366572201787636, 0.00037023444003471054, 0.0012421672653195363, 0.0004027244662468918, 0.0007900579938015579, 0.005581893729837066, 0.005183411573514001, 0.00685308447663855, 0.0010357011068889241, 0.0010014687286695602, 0.0006276805820086495, 0.0010660133125362217, 0.0022506403989201768, 0.007459036469152575, 0.0008757155183980521, 0.0008844288215254705, 0.0018790190809753603, 0.0021889981146563544], "u": [0.005196440714864086, 0.0018334593496164584, 0.001534766046721789, 0.0015394998918375866, 0.0012419566419028616, 0.0009155480751323373, 0.000909411207814676, 0.0008740586766269752, 0.0008991856009113562, 0.0008879875683745045, 0.0008702726956185033, 0.000952557933861951, 0.0009066615482374629, 0.0009075715209402324, 0.0009317503000657617, 0.0009342721301480475, 0.0008824646544800347, 0.0009504193189524031, 0.0009181289502100102, 0.0008971336936013695, 0.0008865460881526148, 0.0008441130884397639, 0.0008538096866703585, 0.0008584296012313394, 0.0008506563465770402, 0.0007962822505282789, 0.0008278933778484492, 0.0008390455224446656, 0.0008233157068667755, 0.0008215938343064806, 0.0008146207979302396, 0.0008022738329865385, 0.0008156666929459629, 0.0007950205791749566, 0.0007866995673800067, 0.0008046280505024198, 0.0007804906385513615, 0.0007646130857748769, 0.000736688442687948, 0.0007651097383507342, 0.0007708436206325882, 0.0007463275047106817, 0.0007323963264377749, 0.0007583374949055753, 0.000728094404249619, 0.0007247768758929581, 0.0007134899154120821, 0.0007039785799845997, 0.0007007091909562466, 0.000689021278209229, 0.0006871155919655553, 0.0006767792666622001, 0.0006975217339798527, 0.000675912193454655, 0.0006670492448119172, 0.0006582282478382427, 0.000657428628528427, 0.0006523811433489095, 0.0006716054638188859, 0.0006648656664213238, 0.0006101747631967465, 0.0006363611992160227, 0.0006353466329381703, 0.0006217699990003338, 0.0006159916890152805, 0.0006272287515666467, 0.0006011402663183539, 0.0006050910389145817, 0.0006008009250146928, 0.0006086345637288446, 0.0006016032816269565], "v": [0.001736335712480063, 0.0007672029655659112, 0.0006111641977268579, 0.0006556521087573378, 0.0006529795293782329, 0.0005765774005697333, 0.0005436188106889962, 0.0005512469777389121, 0.0005620171013185686, 0.0005506990819377908, 0.0005374817327020899, 0.0005314177242997881, 0.0005231871960610893, 0.0005238639193479957, 0.0005343930508907558, 0.0005353469703622483, 0.0005271751493652783, 0.0005083875306028073, 0.0004905607452480235, 0.0004732663105866209, 0.00045555582745071673, 0.0004461610588805077, 0.0004314146024761716, 0.00041811643927689275, 0.0004056083628360314, 0.0004054017795357265, 0.00039588256486789195, 0.00038214875223989485, 0.00037607593083398917, 0.00037097705243193296, 0.00036576715051588705, 0.0003616394624408295, 0.00035677485693823405, 0.0003541990940734599, 0.0003511185938462181, 0.0003458909153029084, 0.0003434489843766086, 0.0003376689874068802, 0.0003433159323258006, 0.0003313358852204272, 0.0003245092430452345, 0.0003208956196766486, 0.00031846448824907346, 0.0003133451143173371, 0.00030987205781315676, 0.00030429338983998627, 0.00030212939908886644, 0.0003046373661852712, 0.0002960302256026221, 0.00029725045805410245, 0.00028815132864925966, 0.000290597662438656, 0.0002864876605406459, 0.00028185967633325646, 0.0002798901445885706, 0.0002759304789978471, 0.0002739063823026268, 0.00027262049636995615, 0.0002698171451154237, 0.0002685085927759885, 0.00026357583740128763, 0.0002625606658861217, 0.0002598181652898577, 0.0002565105151203736, 0.00025505112293876, 0.0002524548990110328, 0.00025075963549786747, 0.0002454942353929868, 0.00024523446039563523, 0.00024159581055415967, 0.00023979271821526695], "a": [7.254178627348722, 0.019930167545078273, 0.009469537464319755, 0.005846811294512257, 0.004786483338337724, 0.004100001767621639, 0.0035011221171975596, 0.003106861660012433, 0.002817257198343614, 0.002669401119915877, 0.002447354743681475, 0.002310782864800035, 0.0021741480975986556, 0.002077109032952131, 0.0019381059968815975, 0.0018510630552264389, 0.0017803093179641007, 0.0016681569211731695, 0.0015701505202533126, 0.001498884205070102, 0.001443386693430234, 0.0013669035447192762, 0.0012867843534365919, 0.001232924145618489, 0.001158735476755737, 0.001124050530116014, 0.001090019894589633, 0.0010290985220762256, 0.0009944408851576417, 0.0009486589435177843, 0.0009117030193907813, 0.0008798837298396277, 0.0008626570809337535, 0.000818796217740829, 0.0007902914362024304, 0.0007644491082367279, 0.0007408914413313503, 0.0007287105929447196, 0.0007490374123174449, 0.0006828165303796381, 0.0006807735336324354, 0.0006510338108968159, 0.00079021151532025, 0.0006218988801883494, 0.0006048717398564007, 0.0005939020710572849, 0.0005774417090619668, 0.000563321407358066, 0.0005517207299609999, 0.0005924485793053656, 0.0005249340907717752, 0.0005163386349341544, 0.0004937858363850595, 0.0004754823570040834, 0.00044892600247502256, 0.00045405514705092724, 0.00042053979099935515, 0.0004095743212192361, 0.0004103559013599981, 0.00039182452428758105, 0.00039233370949557365, 0.0003799325050617736, 0.00036674139731140574, 0.00035489792529209844, 0.00036004411686381264, 0.00033718153452275975, 0.0003381330442468201, 0.0003215208215376052, 0.00031987672475228284, 0.0003259563817044551, 0.0002999305428167771],