{"fMC": [1.788566103949624, 0.0008040828735114301, 0.0030864004095804962, 0.001107475626706951, 0.0010535513197011215, 0.0009466226289822353, 0.0019223655963372585, 0.0031562657822294666, 0.00047305146673762196, 0.0006352958129470253, 0.0011743672373814018, 0.0006596270329375773, 0.0011492454322549357, 0.003838822724905882, 0.0006757119596769878, 0.0008734335000499681, 0.0007435626013571479, 0.0007011192427466438, 0.0013103352408847342, 0.00042227042942050586, 0.0009214364968831534, 0.0007571923989184685, 0.0009752187887324324, 0.0014710243498100726, 0.0010051533055486957, 0.0015370370001564272, 0.0009554680063425124, 0.0008452028878088031, 0.0015249903825252237, 0.0007063784513239187, 0.0006476201689871786, 0.0008081012848067721, 0.0012157495237431232, 0.0008197103890472217, 0.000920964527803879, 0.00033619807163395095, 0.000911825579019061, 0.0004636679813292799, 0.0011330244677966053, 0.0005185376973232158, 0.0005133469016973209, 0.0005413298740792455, 0.0007620823846719823, 0.000894816973029793, 0.0007627782306109226, 0.0003484644549649899, 0.0005667958775551696, 0.0005644799629120465, 0.0003255682831980267, 0.00036010167966013453, 0.00035694194187236596, 0.00044065111648081953, 0.0005876363661482554, 0.0002992403726215387, 0.0004546004195997014, 0.0004490976136640213, 0.0009459640406549391, 0.0003878198293623771, 0.0003935211230145877, 0.00030930944323700544, 0.00038806561948693445, 0.00021508097437571621, 0.00025792129188074834, 0.000292604448193899, 0.0004994632605194893, 0.000609225739409522, 0.00047012373423925455, 0.0002327804334997122, 0.000395744512590098, 0.00042096186605025925, 0.0006576277819070564], "fSSA1": [0.662181923061669, 0.0014840307045177077, 0.0035970468687399866, 0.0022509859466754902, 0.0004151744850565961, 0.00041032158997054925, 0.0010656544647462765, 0.00024612382468097135, 0.0012840128935597812, 0.0006959904567185427, 0.00021382087801527768, 0.0003810596247258177, 0.000450206418554863, 0.000269112982965414, 0.0004488794448549504, 0.00028653591845881435, 0.00033817392386730177, 0.00032287680636092144, 0.00019288548920561981, 0.00018856676099384583, 0.0002803290933496467, 0.0003761374592517609, 0.00021909556987656192, 0.0002997885753108012, 0.00017031161324821437, 0.00015521719489663686, 0.00014788820906081422, 0.0001570583384963645, 0.0001657036659712272, 0.00016916789510552658, 0.0001344929793222692, 0.0001792009457632913, 0.00013297085625745719, 0.00029038574019251686, 0.00014592774772919005, 0.00014721718684302453, 0.00013779556459997996, 0.0001247105494149206, 0.00016570098880881712, 0.00013848833658374054, 0.00012670897783535073, 0.00013986381430064856, 0.00011594333491233457, 0.0001484385266907105, 0.00011410159071503298, 9.947979947803125e-05, 9.453207450409828e-05, 0.00010585289979711967, 8.861253937146424e-05, 8.119687093276175e-05, 0.00010009475006813249, 7.725729555633916e-05, 8.643380003012947e-05, 9.149589774612882e-05, 8.588735698732524e-05, 7.493249153050982e-05, 7.678144297383334e-05, 8.284130944391037e-05, 0.0001025712397452793, 7.346501456420854e-05, 7.460124236805415e-05, 9.077621417475553e-05, 9.623676513455992e-05, 7.21843272850481e-05, 7.01669610694128e-05, 9.545649555750629e-05, 7.598793689947333e-05, 6.744030430633732e-05, 7.292709368416661e-05, 6.886991633096343e-05, 7.073140340782373e-05], "fSSA2": [0.4883137198210217, 0.0003399581473479226, 0.002866260716767657, 0.0011984532032824403, 0.00044523129731637094, 0.0005173434389147065, 0.0023085477199900895, 0.0003670564287699372, 0.000830394051664974, 0.0005968906537399863, 0.0003160043075289769, 0.0018669737361669376, 0.0002881478793013475, 0.002182864815639801, 0.0002632802185941119, 0.00031870810169114277, 0.00028419893465618057, 0.000255312536594065, 0.00020431321096689152, 0.00017353473444701114, 0.00028541291676738767, 0.00030479994491758154, 0.00022447212440775626, 0.00040389505757774605, 0.00020186891280854052, 0.00043704925374812533, 0.00022427811515015125, 0.00013902011240187167, 0.00016278618407217124, 0.000217779237671719, 0.00014675455810714844, 0.00017260069895109911, 0.000280615204326718, 0.00018614237802067708, 0.0001524010031737799, 0.00012193477463593855, 0.00018278799226857296, 0.00014739297368333178, 0.00021945039576939585, 0.0001760127280328488, 0.0001305244356860423, 0.00015918992011208923, 0.00018741237656187028, 0.00020123275195365825, 0.00011713480994126099, 0.00012724428470029556, 0.00010532158720116897, 0.00010736791726295184, 0.00012088755578546044, 0.00010689627584897501, 0.00010740343318364258, 9.259752647709034e-05, 0.00010379036394631244, 0.0001098007125859894, 9.699236855324601e-05, 0.00010570417689638897, 0.00014630496482029187, 9.602451699474763e-05, 0.00010690844317059389, 9.33062820280377e-05, 7.211195470658473e-05, 8.460363418866227e-05, 8.616001767027119e-05, 7.1825344180874e-05, 9.439676780382296e-05, 0.00015506960400094141, 0.00010268887869661195, 7.286460418124465e-05, 9.488782199012598e-05, 6.581165656215936e-05, 0.00010629210312252983], "u": [0.019526222014787067, 0.00022658702564056426, 0.0002491174401105789, 0.0001961855989573854, 0.00017336542495084494, 0.00016987476528670925, 0.00016884964572338998, 0.00015297141731470876, 0.00015361169586402428, 0.0001525028238194893, 0.00015070513685016914, 0.0001247604283049956, 9.695912696820986e-05, 7.503702920656027e-05, 6.475366544800213e-05, 5.876676654676294e-05, 5.160888366464759e-05, 4.532659446888895e-05, 4.1954776997476544e-05, 3.898106129391912e-05, 3.774127598503165e-05, 3.668487884173642e-05, 3.4773136712036854e-05, 3.1508035699644505e-05, 2.975224967297128e-05, 2.70559460966341e-05, 2.6451785898342875e-05, 2.5187022866940496e-05, 2.671788146175792e-05, 2.3040488566092225e-05, 2.201677785790089e-05, 2.0579191949578784e-05, 1.96930436798779e-05, 1.806675591465175e-05, 1.6823674068253053e-05, 1.6454185752363793e-05, 1.5249132503233731e-05, 1.4545494863568979e-05, 1.5013692446636751e-05, 1.3970671284593264e-05, 1.409137210948241e-05, 1.3553394882056892e-05, 1.37279147273796e-05, 1.3532781229115416e-05, 1.3594457643696077e-05, 1.3438077784192438e-05, 1.2799439398587965e-05, 1.219333294527951e-05, 1.1469525112493703e-05, 1.1481629395155252e-05, 1.0836821390525013e-05, 1.0596360970177258e-05, 1.0126211396518569e-05, 9.982784191757663e-06, 1.0078300110291611e-05, 9.802497682295972e-06, 9.695365764235104e-06, 9.357493791719476e-06, 9.249808193782693e-06, 9.137391764524585e-06, 9.118491539041437e-06, 8.634967033709813e-06, 8.514599576235754e-06, 8.470732011548575e-06, 8.336480781906882e-06, 8.27810223933523e-06, 8.166868742284315e-06, 8.239448781898562e-06, 8.05234241703834e-06, 8.03239072656055e-06, 7.785392805112118e-06],