{"fMC": [5.911259295303125, 0.0008312184982821589, 0.0005638083272457576, 0.000695716578590581, 0.0009561817171418871, 0.0006592299157145816, 0.0009568839901850298, 0.0008413370352977441, 0.0007141255593579598, 0.000387680646638062, 0.0004654334688651093, 0.000686834853824436, 0.0006320394283083628, 0.002115734150234658, 0.0006796874065847694, 0.0006975139629163619, 0.0015895075460776826, 0.0008232850480516654, 0.000948605398893461, 0.001398664375841675, 0.0010401823329786535, 0.000413261585104019, 0.0004123810017469516, 0.0007881640666282686, 0.00042880347371326946, 0.0005635907159369962, 0.0006312948777554609, 0.0008216845872940779, 0.0006115293108575083, 0.0006346368773247593, 0.00034850604014002027, 0.0007396324013357286, 0.00082082506497981, 0.0004914905134445133, 0.0004607391106274028, 0.0004482115256313007, 0.0003637770851526422, 0.000656352718247396, 0.0004010589497471079, 0.0005145576564683208, 0.0008644403686626289, 0.0004979714532549255, 0.00031152805544123666, 0.0003464167220669664, 0.0005134220048577507, 0.0004519684607642237, 0.0004953868992810135, 0.0005065471189179007, 0.0005369530018822838, 0.00030571623392237906, 0.00037089513252869943, 0.00033682091156045016, 0.0004682699399161637, 0.0003591931300984511, 0.0002660465071570098, 0.0004982426426880953, 0.0005044292396310093, 0.0005615686520556049, 0.0004927524266929971, 0.0005543719813630714, 0.00028087737847099046, 0.00036357276821141857, 0.0006153757748595371, 0.00027976869940052784, 0.00046200089889495875, 0.0002576394080299647, 0.0006790057232373323, 0.0004107873101838645, 0.00033408682924687764, 0.0004539486830409675, 0.000275379770745417], "fSSA1": [0.33397091575456755, 0.0011277880648221479, 0.0014045559352894087, 0.0004733916966079767, 0.0005841031886677566, 0.0002660580211408394, 0.0002575235041384111, 0.00024482872527040894, 0.000285482615433664, 0.00029771691830038447, 0.00016142970392688547, 0.000158863586810465, 0.00017122603234164723, 0.00020066138035859405, 0.0002493633418233777, 0.0002638406752380425, 0.00021007744535199137, 0.0002158200479984693, 0.0001732677609128188, 0.0001836438695754809, 0.0001501006861894415, 0.00015295341923920775, 0.000151710568297224, 0.00014574352194398932, 0.0001400669372862668, 0.00013705508407873412, 0.00016037424449394348, 0.00015342916677962593, 0.00015541903242842348, 0.0001224011611098533, 0.00012849023448747215, 0.00014114998547508324, 0.00011235783901931359, 0.00011256616821689149, 0.00012293582147636424, 0.00012101701841035562, 0.00011258464825676655, 9.890244344249065e-05, 0.0001028886028254668, 9.528039102448605e-05, 0.0001061740286805762, 8.648783545870053e-05, 7.290598392848393e-05, 7.283627048580813e-05, 7.650093148171173e-05, 7.342973480883303e-05, 8.128421507126543e-05, 7.372384794761779e-05, 7.136629527033334e-05, 8.469809558965253e-05, 9.717046181928992e-05, 8.046637048037957e-05, 6.64643751665492e-05, 7.554876959298185e-05, 6.864158884251116e-05, 6.88499783417679e-05, 8.586533637739372e-05, 7.14618631668017e-05, 7.439264398588097e-05, 7.854758169299652e-05, 6.523446402139461e-05, 8.6741687072653e-05, 8.381164960278111e-05, 5.909038232092437e-05, 8.04952618412477e-05, 6.871835252213937e-05, 6.880235194604704e-05, 6.695143350760352e-05, 6.076476347911102e-05, 6.271984671759562e-05, 5.7268934991696874e-05], "fSSA2": [0.16172756774995084, 0.0011495505484098334, 0.0008853681693263657, 0.0004101709396333633, 0.0004548771247133514, 0.00043543865032403764, 0.0013645090731739067, 0.0004637101821606133, 0.0004651489762739832, 0.0010108641883067313, 0.0003379822905882473, 0.000253317441670625, 0.00044212947824984655, 0.0004224025717725694, 0.0002597189234228534, 0.00037812123376844545, 0.000276959655507744, 0.0003264210710058564, 0.000341728860702815, 0.00026224755059369435, 0.00020425602476877388, 0.00015096323686832812, 0.00018630002776911497, 0.0001535498275080746, 0.00017118202737242185, 0.00024083728271503607, 0.0001932868197706146, 0.00021270219219803025, 0.00022565478720284752, 0.00015048335799437463, 0.00013303103887284847, 0.00016429820198099593, 0.00012851986590086683, 0.0001238101018119048, 0.0001550391653818076, 0.00013488008506780773, 0.0001261617035393705, 0.00013581999370552883, 0.0001608757261661168, 0.00013505996594140792, 0.000146619714745825, 0.00012810702417052246, 0.0001028028156426041, 0.00010215726080509065, 0.00010508538649172185, 0.00010399768075853726, 0.00010719694102312879, 0.00013940247496844799, 0.00010913898883864421, 0.00010379687413493586, 0.00010393410503432698, 0.00010956111879801373, 9.434993908605851e-05, 0.00011280575254418618, 9.278569887453355e-05, 0.00010748092275492647, 0.00010616996069690067, 0.0001138347923350074, 0.00010625877364965405, 0.00011922030316818015, 8.652892566599052e-05, 0.00010558071453633852, 0.0001105168784908341, 8.84581883594166e-05, 0.00010372671558175157, 9.459800758923223e-05, 8.798482955675493e-05, 8.620698491890077e-05, 8.536267849584127e-05, 9.333661634392731e-05, 8.472087188989821e-05], "u": [0.008860869326788317, 0.0002987548547638796, 0.00024368504992565172, 0.0002031491790062807, 0.00018772125329786263, 0.00017345457948571427, 0.0001675586426955997, 0.0001661438432091365, 0.00016026862999854677, 0.00014785251036971954, 0.00012589478546375443, 9.767055947879468e-05, 8.441337964681504e-05, 7.895779697271255e-05, 6.921143030656895e-05, 6.27145507597766e-05, 5.866086883424964e-05, 5.488154063901708e-05, 5.27616235612452e-05, 5.309681103770578e-05, 5.461058348551429e-05, 5.462764563734052e-05, 5.2835962940753283e-05, 4.987404549881921e-05, 4.43277953125422e-05, 3.807515574315986e-05, 3.3491301358206715e-05, 3.0233557252349835e-05, 2.8421289218169428e-05, 2.624140874792227e-05, 2.440806470174475e-05, 2.2645749030111343e-05, 2.0725802120834565e-05, 1.8809648846084238e-05, 1.6889583713954e-05, 1.5329275598349065e-05, 1.4248482894234651e-05, 1.3540712756100144e-05, 1.2654066282190358e-05, 1.2004583157090189e-05, 1.193469171553152e-05, 1.1744971618693028e-05, 1.200178290005737e-05, 1.2039184932927151e-05, 1.2176609280534987e-05, 1.2175382781330996e-05, 1.1848428772338922e-05, 1.2002419233783911e-05, 1.1929413599295677e-05, 1.1876344302918667e-05, 1.2039451833249986e-05, 1.1897226142581855e-05, 1.189193959839604e-05, 1.2168978441751353e-05, 1.2105498752066145e-05, 1.2113114877089963e-05, 1.2378326105458085e-05, 1.2314756254474536e-05, 1.216370610684443e-05, 1.2176544196250027e-05, 1.2071872894498658e-05, 1.2047974635969107e-05, 1.1760609264453136e-05, 1.177445635217137e-05, 1.1541623959640156e-05, 1.1635072862924434e-05, 1.1278492043031707e-05, 1.0932737271860655e-05, 1.089187313857277e-05, 1.0874036551203388e-05, 1.0789586888696085e-05],