{"fSSA1": [0.5442827016793597, 0.00040358246925310744, 0.000582019773619425, 0.0008298395020962608, 0.0005922275947330529, 0.0010193096603705295, 0.0010878611115283923, 0.0015027962822977844, 0.002378393180278625, 0.0015688229146167366, 0.0012764352338984943, 0.0013135566219636147, 0.001039578198200894, 0.000907048189772139, 0.0010911138467508486, 0.0010239807541719175, 0.000963928286933956, 0.0007245769569184113, 0.0008121592042993655, 0.0016136215957779448, 0.0011503628345434136, 0.0012737610185210885, 0.0009946416737308375, 0.0009302311358152106, 0.0007606153126865388, 0.0006784112236980818, 0.0010146104456920286, 0.0006697950547235067, 0.0007300640099210193, 0.0006707356545795722, 0.0007006519280995173, 0.0006299830719851235, 0.0006061676537129422, 0.0006680961539677864, 0.0009623033897259868, 0.0005730825594908407, 0.0006548488406226606, 0.0006262761567307956, 0.0005468744105971999, 0.0005339428185136633, 0.0006498613366899937, 0.0009521908875941824, 0.0006290799310345355, 0.0007058449430765808, 0.0005435819175891582, 0.0006293303858403989, 0.0005237022833708499, 0.0006871420036065696, 0.0005054738273468287, 0.0006603725485003276, 0.0005006421266188055, 0.0004250050699498749, 0.0009874601360670228, 0.000522386894703327, 0.00041165234052213423, 0.0005380748708605721, 0.0005046636703857582, 0.0005037862884859033, 0.0004516827026249159, 0.0006040632712662542, 0.0003909759405897153, 0.00044314887530081586, 0.0004475922606787898, 0.00036022586461411017, 0.0004565875868804137, 0.00043468273958826984, 0.0004378836803330548, 0.00037254435607443056, 0.00040056079837335533, 0.00041426463857379336, 0.00037871923237647377], "fSSA2": [0.0932974977053036, 0.0003375944080902622, 0.0014748150696755084, 0.0012609048683718258, 0.0008510746688499627, 0.0007759352871642535, 0.0010860099495799422, 0.001136983481933862, 0.0022797764697034925, 0.0008541635585202608, 0.0010324338302217624, 0.0009815525115456243, 0.0008289172313140497, 0.0006949522102854694, 0.000690875677670429, 0.0007078904709317423, 0.0007362761043001507, 0.0009635006937712641, 0.0007999215147350955, 0.0008194171586642207, 0.0005354242290295605, 0.0006533330166766208, 0.0005702758564803119, 0.0005919299453165062, 0.0005251121390844577, 0.0009366148426567546, 0.0009051530687186195, 0.0006059499174428681, 0.0006308588069865493, 0.0004646792203294235, 0.000715285838921674, 0.000499744194728854, 0.0005007302711644043, 0.0005706935399951259, 0.0005182191689579949, 0.00048550013874587187, 0.0005006161425980493, 0.0005100319611735856, 0.0005748116247105377, 0.0006421277805613744, 0.0005211176071712222, 0.0004879649195170818, 0.0005048237563301796, 0.0005716657395735879, 0.0005558166071402043, 0.00042255282219722066, 0.00044902967662947276, 0.0004938948098429824, 0.0004151826254220045, 0.00038060283806942946, 0.0004557626714378286, 0.0003873782478806751, 0.0004015323820509541, 0.000356661197751764, 0.0004924845552108162, 0.0004130940864464896, 0.00036173909005085753, 0.00035860570548351033, 0.0005201989562913097, 0.0004424612801404794, 0.0003526416952700659, 0.00034410354658939577, 0.00034472625118839474, 0.00035546533425987527, 0.0006130307933706913, 0.00039748460198178894, 0.00034315734343030304, 0.0004055748612305384, 0.0003616565351645186, 0.0003386542254519585, 0.0003337088703693956], "u": [0.027781705002732117, 0.0009940283740430965, 0.0010402366731066454, 0.0009617630202952736, 0.0009231909223165735, 0.000862143905437386, 0.0007567622503093516, 0.0006507975419208134, 0.0004322844138413516, 0.00039808830456608454, 0.00035174693945598783, 0.00029871145535488315, 0.0002400878502792856, 0.00021521736230824254, 0.0001905190096116315, 0.0001731904492207002, 0.0001675084952445592, 0.00015451969532356675, 0.00014998940709591086, 0.0001438610252994037, 0.00013414111749803745, 0.00012761837394751596, 0.00011353104405220997, 0.00010624937386099008, 9.629727172766346e-05, 9.29522431351018e-05, 9.329758652907195e-05, 8.559377945088715e-05, 8.445336231455309e-05, 8.448745246904947e-05, 7.951798525345604e-05, 7.8667589040861e-05, 7.724594828760341e-05, 7.673543132865498e-05, 7.825834409909265e-05, 7.663904627763938e-05, 7.339558583448488e-05, 7.464510924978339e-05, 7.206207313852592e-05, 7.227600595734345e-05, 7.10324687705858e-05, 7.191075111421067e-05, 7.20381457283631e-05, 6.743049207804003e-05, 6.61830231745414e-05, 6.726379121657253e-05, 6.474722000864437e-05, 6.360061257731911e-05, 6.236730027055973e-05, 6.508027551619256e-05, 6.158872491876375e-05, 5.881322584872186e-05, 6.03558371653924e-05, 5.940235669205398e-05, 5.5134563731610117e-05, 5.590593752381254e-05, 5.773990631809365e-05, 5.592139790350606e-05, 5.5496446290526065e-05, 5.690878675554432e-05, 5.422105983499137e-05, 5.442022531623169e-05, 5.385248603844655e-05, 5.406110556939794e-05, 5.380738408952115e-05, 5.442621845748287e-05, 5.328588493160327e-05, 5.294650059829767e-05, 5.611735598263375e-05, 5.3647410385433125e-05, 5.3930026700615616e-05], "v": [0.002827513452267122, 0.0005772019992247338, 0.0005790940389088097, 0.0006280746930898989, 0.0006044400444025382, 0.0005916194859305912, 0.000548700571008356, 0.0006317133291175172, 0.00046076281600231994, 0.000332334091528948, 0.0002609423450813481, 0.00023690367852479923, 0.00022413483589832302, 0.00020887515591225928, 0.00019913311457198796, 0.00019098825680593606, 0.00018095264352584512, 0.00017154084161274673, 0.00016190294213454373, 0.00015575150623721662, 0.00014361697900605228, 0.00013840182901191415, 0.00013340154871928158, 0.00012922537499613103, 0.0001254164034752587, 0.00011889572147491604, 0.00011721406334528433, 0.00011336399134971321, 0.00011225101246599944, 0.00010910413577069489, 0.0001101831568755387, 0.00010403499129943222, 0.00010216721300894447, 0.00010107424682486173, 9.978577559297717e-05, 9.858136809260078e-05, 9.770671814133023e-05, 9.55143122677002e-05, 9.53595128383327e-05, 9.243033387891104e-05, 9.116731395623204e-05, 8.862475731165226e-05, 8.884927473580904e-05, 8.805579189521686e-05, 8.617077389841723e-05, 8.396984883057401e-05, 8.232046461503375e-05, 8.054600769793671e-05, 7.915799015538573e-05, 7.734275970718547e-05, 7.601287176551003e-05, 7.473667478437493e-05, 7.378546834818177e-05, 7.23517887968287e-05, 7.248580478095478e-05, 7.07008693520314e-05, 7.06955443412709e-05, 6.988573641895448e-05, 7.104982316268716e-05, 6.881937651236074e-05, 6.82605161620845e-05, 6.696686696134371e-05, 6.570345286315478e-05, 6.549510339241123e-05, 6.661037464089044e-05, 6.309947238578283e-05, 6.262021001573825e-05, 6.28150072544983e-05, 6.26456315437909e-05, 6.120132115585951e-05, 6.124920684619672e-05],